gene_id	short_gene_id	APA_change	pvalue	APA_type	chrom	strand	gene_name	gene_biotype	PAS_coordinates	number_of_PAS	reads_D0	PAUs_D0	reads_D7	PAUs_D7	PAU_changes
ENSG00000182871.16	ENSG00000182871	-0.0127360066678033	0.559195979382503	Last_exon_tandem_APA	chr21	+	COL18A1	protein_coding	45512587,45513720	2	834,1118	41.023,54.993	1036,1354	41.324,54.009	0.301,-0.984
ENSG00000182093.16	ENSG00000182093	-0.040956658466307	0.198687662152949	Mixed_APA	chr21	+	GET1	protein_coding	39397700,39397788,39397889	3	378,46,49	77.778,9.465,10.082	888,112,76	81.17,10.238,6.947	3.392,0.773,-3.135
ENSG00000156261.13	ENSG00000156261	0.00276944536182056	0.580719585800004	Single PAS	chr21	-	CCT8	protein_coding	29056326	1	5227	98.031	2047	98.272	0.241
ENSG00000280614.1	ENSG00000280614	0.277382645803698	0.29898625232054	Last_exon_tandem_APA	chr21	-	ENSG00000280614	lncRNA	8393450,8393900,8394113	3	4,12,3	10.811,32.432,8.108	5,1,3	26.316,5.263,15.789	15.505,-27.169,7.681
ENSG00000275464.6	ENSG00000275464	0.0549001814882033	0.449299294192859	Last_exon_tandem_APA	chr21	-	ENSG00000275464	artifact	5130871,5130932,5130998	3	138,284,8	31.579,64.989,1.831	43,70,3	37.069,60.345,2.586	5.49,-4.644,0.755
ENSG00000183255.12	ENSG00000183255	0.0135679678243583	0.257544822043503	Last_exon_tandem_APA	chr21	-	PTTG1IP	protein_coding	44849598,44849872	2	1195,23	93.505,1.8	1931,55	94.564,2.693	1.059,0.893
ENSG00000154723.13	ENSG00000154723	0.0734610114934275	0.000113653057551844	Mixed_APA	chr21	-	ATP5PF	protein_coding	25724500,25724553	2	1956,1428	57.344,41.865	1425,764	64.626,34.649	7.282,-7.216
ENSG00000159228.13	ENSG00000159228	0.0181420524278566	0.496048849148955	Last_exon_tandem_APA	chr21	+	CBR1	protein_coding	36072985,36073164	2	13,717	1.759,97.023	0,85	0,98.837	-1.759,1.814
ENSG00000142192.22	ENSG00000142192	-0.0252104838890257	0.131090669023304	Last_exon_tandem_APA	chr21	-	APP	protein_coding	25880553,25880806	2	892,1626	33.955,61.896	1595,3298	31.697,65.541	-2.258,3.645
ENSG00000160285.15	ENSG00000160285	0.0717657949548716	0.000758613218452053	Mixed_APA	chr21	-	LSS	protein_coding	46188446,46189131	2	39,814	4.483,93.563	74,642	9.933,86.174	5.45,-7.389
ENSG00000160213.9	ENSG00000160213	0.020041412868221	0.0216212368550186	Last_exon_tandem_APA	chr21	-	CSTB	protein_coding	43772512,43773697,43773950	3	19,30,2563	0.724,1.143,97.675	26,9,917	2.728,0.944,96.222	2.004,-0.199,-1.453
ENSG00000205927.5	ENSG00000205927	0.158543417366947	0.22152970602737	Last_exon_tandem_APA	chr21	+	OLIG2	protein_coding	33028557,33029196	2	6,39	11.765,76.471	0,30	0,85.714	-11.765,9.243
ENSG00000184900.16	ENSG00000184900	0.0137090293436112	0.60637758742521	Last_exon_tandem_APA	chr21	-	SUMO3	protein_coding	44805617,44805858,44806715	3	1520,208,117	79.456,10.873,6.116	536,70,36	80,10.448,5.373	0.544,-0.425,-0.743
ENSG00000241837.7	ENSG00000241837	0.000947979284761091	0.675511115401643	Single PAS	chr21	-	ATP5PO	protein_coding	33903456	1	5125	99.515	3155	99.464	-0.051
ENSG00000160310.19	ENSG00000160310	0.223397033121001	4.48238469674678e-07	Mixed_APA	chr21	+	PRMT2	protein_coding	46649888,46653142,46660144,46661270,46664941,46665124,46665685	7	182,11,65,24,215,7,19	32.27,1.95,11.525,4.255,38.121,1.241,3.369	129,16,112,75,540,21,37	13.136,1.629,11.405,7.637,54.99,2.138,3.768	-19.134,-0.321,-0.12,3.382,16.869,0.897,0.399
ENSG00000185808.14	ENSG00000185808	0.0750896679393729	0.199350387423548	Mixed_APA	chr21	-	PIGP	protein_coding	37063701,37065376,37065459,37065512,37071285	5	1,153,20,13,8	0.498,76.119,9.95,6.468,3.98	4,202,30,10,2	1.55,78.295,11.628,3.876,0.775	1.052,2.176,1.678,-2.592,-3.205
ENSG00000275895.8	ENSG00000275895	-0.00245579567779952	0.647551333683536	Single PAS	chr21	-	ENSG00000275895	artifact	6484623	1	2024	99.411	506	99.411	0
ENSG00000183527.12	ENSG00000183527	0.0543644037738526	0.000101648412373923	Last_exon_tandem_APA	chr21	-	PSMG1	protein_coding	39174714,39175458	2	4,1165	0.338,98.395	22,355	5.774,93.176	5.436,-5.219
ENSG00000173638.19	ENSG00000173638	0.150242358491505	0.0212957891422956	Mixed_APA	chr21	-	SLC19A1	protein_coding	45512233,45512394,45512569,45513724,45513776,45514715,45515134	7	7,5,49,13,47,291,31	1.512,1.08,10.583,2.808,10.151,62.851,6.695	9,7,31,7,31,104,16	4.147,3.226,14.286,3.226,14.286,47.926,7.373	2.635,2.146,3.703,0.418,4.135,-14.925,0.678
ENSG00000160194.18	ENSG00000160194	0.0219768024481244	0.344315984522832	Mixed_APA	chr21	+	NDUFV3	protein_coding	42883825,42909100,42909670,42911901	4	34,1290,113,33	2.244,85.149,7.459,2.178	25,659,68,18	3.137,82.685,8.532,2.258	0.893,-2.464,1.073,0.08
ENSG00000142188.17	ENSG00000142188	0.168135613138257	0.0653009491972818	Mixed_APA	chr21	-	TMEM50B	protein_coding	33432486,33449010,33449141,33449893,33450600,33450701	6	40,2,34,5,22,16	32.787,1.639,27.869,4.098,18.033,13.115	98,5,119,1,39,15	35.125,1.792,42.652,0.358,13.978,5.376	2.338,0.153,14.783,-3.74,-4.055,-7.739
ENSG00000160294.11	ENSG00000160294	0.034117964703861	0.308592239695003	Mixed_APA	chr21	-	MCM3AP	protein_coding	46235133,46235191,46251515	3	457,16,19	87.214,3.053,3.626	280,4,9	90.032,1.286,2.894	2.818,-1.767,-0.732
ENSG00000142168.15	ENSG00000142168	0.0248489961956824	0.120569806947795	Last_exon_tandem_APA	chr21	+	SOD1	protein_coding	31668677,31668858,31668926	3	3223,98,820	76.683,2.332,19.51	1716,45,504	74.739,1.96,21.951	-1.944,-0.372,2.441
ENSG00000184787.19	ENSG00000184787	0.0269678051169054	0.411251521583732	Mixed_APA	chr21	-	UBE2G2	protein_coding	44769046,44769117,44771263,44799987	4	537,34,18,13	85.238,5.397,2.857,2.063	338,17,4,11	86.889,4.37,1.028,2.828	1.651,-1.027,-1.829,0.765
ENSG00000141959.17	ENSG00000141959	0.00377450383538293	0.770332483514224	Single PAS	chr21	+	PFKL	protein_coding	44327371	1	758	97.933	373	97.644	-0.289
ENSG00000205581.11	ENSG00000205581	0.00176538570292517	0.646568903367241	Single PAS	chr21	-	HMGN1	protein_coding	39342317	1	7564	98.464	2746	98.494	0.03
ENSG00000156304.15	ENSG00000156304	0.0480224421709948	0.306786976551185	Mixed_APA	chr21	-	SCAF4	protein_coding	31666728,31670799,31671033,31671183,31681365,31684010,31684781	7	1,8,459,57,13,7,4	0.175,1.401,80.385,9.982,2.277,1.226,0.701	10,1,174,14,8,3,5	4.525,0.452,78.733,6.335,3.62,1.357,2.262	4.35,-0.949,-1.652,-3.647,1.343,0.131,1.561
ENSG00000275215.1	ENSG00000275215	-0.00192386486385816	0.415481344631759	Single PAS	chr21	+	RNA5-8SN3	rRNA	8395763	1	1412	99.929	758	99.737	-0.192
ENSG00000160284.15	ENSG00000160284	-0.0163005375087637	0.189721091827875	Single PAS	chr21	-	SPATC1L	protein_coding	46161160	1	768	98.715	258	97.727	-0.988
ENSG00000160179.19	ENSG00000160179	0.279220779220779	0.0604992640661164	Last_exon_tandem_APA	chr21	+	ABCG1	protein_coding	42296919,42297244	2	7,28	16.667,66.667	1,29	3.03,87.879	-13.637,21.212
ENSG00000160201.12	ENSG00000160201	-0.00680149495056592	0.113891729564488	Single PAS	chr21	-	U2AF1	protein_coding	43092956	1	2426	99.671	614	99.032	-0.639
ENSG00000155313.16	ENSG00000155313	0.0576526946107785	0.457878804403237	Last_exon_tandem_APA	chr21	+	USP25	protein_coding	15878666,15878907,15879712,15880001,15880064	5	8,212,76,3,26	2.395,63.473,22.754,0.898,7.784	0,75,29,2,14	0,60,23.2,1.6,11.2	-2.395,-3.473,0.446,0.702,3.416
ENSG00000155304.6	ENSG00000155304	0.10900057947302	0.000225601863384384	Last_exon_tandem_APA	chr21	-	HSPA13	protein_coding	14371115,14372798	2	390,100	76.772,19.685	806,82	87.229,8.874	10.457,-10.811
ENSG00000160208.13	ENSG00000160208	0.00835356275881765	0.683878778652573	Last_exon_tandem_APA	chr21	+	RRP1B	protein_coding	43693451,43696079	2	31,992	2.972,95.11	7,269	2.482,95.39	-0.49,0.28
ENSG00000160256.13	ENSG00000160256	0.0286266245170355	0.124263943890089	Single PAS	chr21	+	SLX9	protein_coding	44976973	1	860	98.174	148	94.872	-3.302
ENSG00000154719.14	ENSG00000154719	0.011486176049296	0.383501976524893	Single PAS	chr21	-	MRPL39	protein_coding	25585656	1	888	97.797	320	98.16	0.363
ENSG00000142156.16	ENSG00000142156	0.0207280315325759	0.246309648581718	Last_exon_tandem_APA	chr21	+	COL6A1	protein_coding	46004102,46005048	2	57,774	6.667,90.526	53,1051	4.67,92.599	-1.997,2.073
ENSG00000157557.13	ENSG00000157557	0.111893924401346	0.0825455541766049	Last_exon_tandem_APA	chr21	+	ETS2	protein_coding	38823453,38823734,38823801,38824955	4	40,5,133,107	12.903,1.613,42.903,34.516	33,1,124,149	10.123,0.307,38.037,45.706	-2.78,-1.306,-4.866,11.19
ENSG00000274276.6	ENSG00000274276	-0.0105754456331201	0.419055423562014	Single PAS	chr21	-	ENSG00000274276	artifact	6444869	1	2027	97.97	262	97.761	-0.209
ENSG00000159086.15	ENSG00000159086	0.0717696904388715	0.179421197562849	Mixed_APA	chr21	-	PAXBP1	protein_coding	32733899,32734096,32734250,32734824,32741339	5	234,4,7,17,40	73.354,1.254,2.194,5.329,12.539	204,2,7,12,19	79.688,0.781,2.734,4.688,7.422	6.334,-0.473,0.54,-0.641,-5.117
ENSG00000160191.18	ENSG00000160191	0.0568660968660969	0.400787982762945	Mixed_APA	chr21	+	PDE9A	protein_coding	42656937,42701191,42775440,42775509,42775692	5	5,21,28,278,3	1.425,5.983,7.977,79.202,0.855	2,2,9,81,3	2,2,9,81,3	0.575,-3.983,1.023,1.798,2.145
ENSG00000154642.11	ENSG00000154642	0.169362745098039	0.0317143298321549	Last_exon_tandem_APA	chr21	-	C21orf91	protein_coding	17788974,17789742,17792804,17793252	4	164,4,17,55	64.314,1.569,6.667,21.569	91,1,5,8	81.25,0.893,4.464,7.143	16.936,-0.676,-2.203,-14.426
ENSG00000159079.19	ENSG00000159079	0.0243129833799572	0.0920671136910536	Mixed_APA	chr21	-	CFAP298	protein_coding	32600133,32601667	2	26,1942	1.296,96.81	12,388	2.913,94.175	1.617,-2.635
ENSG00000156299.15	ENSG00000156299	0.0454545454545454	0.389546181510753	Last_exon_tandem_APA	chr21	-	TIAM1	protein_coding	31118418,31120081	2	99,5	90,4.545	99,4	94.286,3.81	4.286,-0.735
ENSG00000278189.1	ENSG00000278189	0.000672043010752688	0.628836410679	Single PAS	chr21	+	RNA5-8SN1	rRNA	8439979	1	1487	99.933	695	100	0.067
ENSG00000160200.18	ENSG00000160200	-0.014582230223446	0.335514620099953	Mixed_APA	chr21	-	CBS	protein_coding	43053191,43055057	2	2074,22	97.371,1.033	256,3	96.241,1.128	-1.13,0.095
ENSG00000159131.17	ENSG00000159131	0.140106607848543	0.00125307240311145	Mixed_APA	chr21	-	GART	protein_coding	33498518,33503184,33503962,33524009	4	17,180,826,530	1.055,11.166,51.241,32.878	28,84,148,158	6.481,19.444,34.259,36.574	5.426,8.278,-16.982,3.696
ENSG00000160299.19	ENSG00000160299	-0.0212454212454212	0.54173020129539	Single PAS	chr21	+	PCNT	protein_coding	46445767	1	198	94.286	125	96.154	1.868
ENSG00000157538.14	ENSG00000157538	0.101977738218666	0.114009761776278	Mixed_APA	chr21	-	VPS26C	protein_coding	37221755,37223422,37223679,37225221,37225284,37225400,37261082	7	10,319,25,13,19,34,82	1.898,60.531,4.744,2.467,3.605,6.452,15.56	12,127,4,8,4,9,17	6.186,65.464,2.062,4.124,2.062,4.639,8.763	4.288,4.933,-2.682,1.657,-1.543,-1.813,-6.797
ENSG00000237594.2	ENSG00000237594	0.0771388499298737	0.690590877065788	Last_exon_tandem_APA	chr21	+	TIAM1-AS1	lncRNA	31560284,31560398,31560487,31565981	4	34,4,17,6	54.839,6.452,27.419,9.677	12,3,4,2	52.174,13.043,17.391,8.696	-2.665,6.591,-10.028,-0.981
ENSG00000243927.6	ENSG00000243927	-0.00502001126777052	0.499031890885132	Single PAS	chr21	+	MRPS6	protein_coding	34143030	1	1390	98.652	951	98.041	-0.611
ENSG00000154727.11	ENSG00000154727	0.0642310198761812	0.355298005584237	Last_exon_tandem_APA	chr21	+	GABPA	protein_coding	25769384,25769586,25769746,25769988,25770067,25772460	6	9,5,6,10,16,196	3.629,2.016,2.419,4.032,6.452,79.032	2,4,0,2,6,84	2.02,4.04,0,2.02,6.061,84.848	-1.609,2.024,-2.419,-2.012,-0.391,5.816
ENSG00000277739.1	ENSG00000277739	0.00133067198935462	0.572085782848928	Single PAS	chr21	+	5_8S_rRNA	rRNA	8256937	1	1501	99.867	718	99.861	-0.006
ENSG00000142173.17	ENSG00000142173	-0.0427337398373984	0.341565546051812	Mixed_APA	chr21	+	COL6A2	protein_coding	46129800,46132848	2	52,429	10.569,87.195	23,133	14.375,83.125	3.806,-4.07
ENSG00000159055.4	ENSG00000159055	-0.0197722159372578	0.21291348219812	Single PAS	chr21	-	MIS18A	protein_coding	32268228	1	1027	98.56	146	96.689	-1.871
ENSG00000182362.14	ENSG00000182362	-0.046070460704607	0.256395571053723	Mixed_APA	chr21	+	YBEY	protein_coding	46287086,46297723,46313225	3	6,342,2	1.626,92.683,0.542	4,131,4	2.614,85.621,2.614	0.988,-7.062,2.072
ENSG00000159267.17	ENSG00000159267	0.270343137254902	0.0424418966905109	Mixed_APA	chr21	-	HLCS	protein_coding	36748607,36750888,36751066,36751192,36752050,36752702,36753766,36754155,36854788	9	3,3,3,30,12,7,8,7,2	3.529,3.529,3.529,35.294,14.118,8.235,9.412,8.235,2.353	25,2,3,40,9,5,3,0,3	26.042,2.083,3.125,41.667,9.375,5.208,3.125,0,3.125	22.513,-1.446,-0.404,6.373,-4.743,-3.027,-6.287,-8.235,0.772
ENSG00000280071.5	ENSG00000280071	0.0475505598088242	0.0288839687795899	Mixed_APA	chr21	-	ENSG00000280071	artifact	5116343,5120641	2	1188,88	91.525,6.78	368,6	96.084,1.567	4.559,-5.213
ENSG00000273590.6	ENSG00000273590	0.0461111111111112	0.288850499890756	Last_exon_tandem_APA	chr21	+	ENSG00000273590	artifact	7758627,7760557	2	141,2	97.917,1.389	46,3	92,6	-5.917,4.611
ENSG00000160209.19	ENSG00000160209	-0.0561108362196933	0.371648159415155	Last_exon_tandem_APA	chr21	+	PDXK	protein_coding	43756146,43756214,43758947,43762296	4	315,172,28,135	45.785,25,4.07,19.622	106,62,19,35	45.106,26.383,8.085,14.894	-0.679,1.383,4.015,-4.728
ENSG00000160218.13	ENSG00000160218	0.122787610619469	0.267799822906521	Mixed_APA	chr21	+	TRAPPC10	protein_coding	44059698,44060258,44083472,44084502,44100066,44104733,44105050,44105896,44106277,44106552	10	12,19,8,11,7,31,42,33,13,12	6,9.5,4,5.5,3.5,15.5,21,16.5,6.5,6	8,3,0,3,4,17,21,13,10,18	7.08,2.655,0,2.655,3.54,15.044,18.584,11.504,8.85,15.929	1.08,-6.845,-4,-2.845,0.04,-0.456,-2.416,-4.996,2.35,9.929
ENSG00000154639.19	ENSG00000154639	0.0548824943817496	0.000441448271515377	Mixed_APA	chr21	+	CXADR	protein_coding	17567760,17570098,17593910	3	115,1537,39	6.253,83.578,2.121	33,1595,17	1.939,93.713,0.999	-4.314,10.135,-1.122
ENSG00000198743.7	ENSG00000198743	-0.0259834871296746	0.610467488794852	Mixed_APA	chr21	+	SLC5A3	protein_coding	34074277,34103454,34106260	3	11,2,120	7.746,1.408,84.507	41,7,344	10.099,1.724,84.729	2.353,0.316,0.222
ENSG00000205726.15	ENSG00000205726	0.21974358974359	5.79476175466276e-06	Mixed_APA	chr21	+	ITSN1	protein_coding	33817650,33817736,33837369,33837452,33838498,33897896,33899861	7	15,17,20,59,495,1,6	2.308,2.615,3.077,9.077,76.154,0.154,0.923	16,11,3,11,181,12,48	5.333,3.667,1,3.667,60.333,4,16	3.025,1.052,-2.077,-5.41,-15.821,3.846,15.077
ENSG00000159140.23	ENSG00000159140	-0.0645993258162896	0.0409355190269944	Mixed_APA	chr21	+	SON	protein_coding	33559062,33560662,33577350,33577481	4	214,143,255,961	13.153,8.789,15.673,59.066	197,87,143,540	19.72,8.709,14.314,54.054	6.567,-0.08,-1.359,-5.012
ENSG00000159200.18	ENSG00000159200	0.010827067669173	0.81046363013876	Mixed_APA	chr21	-	RCAN1	protein_coding	34516484,34516668	2	87,6	91.579,6.316	322,18	92,5.143	0.421,-1.173
ENSG00000166265.13	ENSG00000166265	0.185967852044933	0.0639349931165394	Mixed_APA	chr21	-	CYYR1	protein_coding	26466216,26467126,26467265,26468030,26477577,26566032	6	131,5,174,27,16,16	33.333,1.272,44.275,6.87,4.071,4.071	40,1,27,6,1,1	48.78,1.22,32.927,7.317,1.22,1.22	15.447,-0.052,-11.348,0.447,-2.851,-2.851
ENSG00000173276.14	ENSG00000173276	0.417582417582418	0.00133809480000702	Last_exon_tandem_APA	chr21	-	ZBTB21	protein_coding	41986831,41988639,41990336,41990769	4	24,48,5,5	26.374,52.747,5.495,5.495	45,14,0,2	69.231,21.538,0,3.077	42.857,-31.209,-5.495,-2.418
ENSG00000186866.17	ENSG00000186866	0.063094762095162	0.0804208660600716	Mixed_APA	chr21	-	POFUT2	protein_coding	45263019,45263935,45263987,45285698	4	4,180,14,4	1.951,87.805,6.829,1.951	6,287,3,5	1.967,94.098,0.984,1.639	0.016,6.293,-5.845,-0.312
ENSG00000160214.13	ENSG00000160214	0.0307606937034511	0.208584871351065	Last_exon_tandem_APA	chr21	+	RRP1	protein_coding	43804099,43804224,43805757	3	739,6,8	95.85,0.778,1.038	180,4,4	92.784,2.062,2.062	-3.066,1.284,1.024
ENSG00000141956.14	ENSG00000141956	0.135897435897436	0.315788694511177	Mixed_APA	chr21	-	PRDM15	protein_coding	41798225,41799121	2	57,8	73.077,10.256	26,3	86.667,10	13.59,-0.256
ENSG00000159128.16	ENSG00000159128	-0.0185748969131758	0.549240404675046	Mixed_APA	chr21	+	IFNGR2	protein_coding	33427036,33432844,33434546,33437516	4	7,4,3,317	2.077,1.187,0.89,94.065	5,3,3,212	2.165,1.299,1.299,91.775	0.088,0.112,0.409,-2.29
ENSG00000198618.5	ENSG00000198618	-0.0278202189966896	0.536733754882738	Last_exon_tandem_APA	chr21	+	PPIAP22	processed_pseudogene	18857974,18858142,18858243,18858296,18858493	5	6,7,12,7,321	1.681,1.961,3.361,1.961,89.916	3,1,6,1,117	2.273,0.758,4.545,0.758,88.636	0.592,-1.203,1.184,-1.203,-1.28
ENSG00000160193.12	ENSG00000160193	0.0672765657987333	0.457595544609777	Mixed_APA	chr21	-	WDR4	protein_coding	42842997,42843094,42847663,42848101,42849226,42849994	6	14,366,48,13,22,8	2.857,74.694,9.796,2.653,4.49,1.633	1,45,0,2,6,0	1.724,77.586,0,3.448,10.345,0	-1.133,2.892,-9.796,0.795,5.855,-1.633
ENSG00000157540.22	ENSG00000157540	0.172649572649573	0.0321900446448335	Last_exon_tandem_APA	chr21	+	DYRK1A	protein_coding	37514759,37515170,37515249,37515377	4	5,189,12,22	2.137,80.769,5.128,9.402	2,53,12,16	2.222,58.889,13.333,17.778	0.085,-21.88,8.205,8.376
ENSG00000159256.13	ENSG00000159256	0.0166289958023894	0.835365507638378	Mixed_APA	chr21	+	MORC3	protein_coding	36376528,36376632,36378884	3	20,84,2	17.544,73.684,1.754	30,119,5	18.405,73.006,3.067	0.861,-0.678,1.313
ENSG00000154645.14	ENSG00000154645	0.229166666666667	0.257731301697863	Last_exon_tandem_APA	chr21	+	CHODL	protein_coding	18266480,18266532,18267367	3	4,3,9	22.222,16.667,50	6,5,34	12.5,10.417,70.833	-9.722,-6.25,20.833
ENSG00000205670.12	ENSG00000205670	0.170291777188329	0.0157776723718948	Mixed_APA	chr21	+	SMIM11	protein_coding	34389151,34402773	2	123,7	94.615,5.385	44,13	75.862,22.414	-18.753,17.029
ENSG00000142166.15	ENSG00000142166	0.306798433325552	2.73648870248167e-05	Mixed_APA	chr21	+	IFNAR1	protein_coding	33349075,33356041,33356550,33359141,33359304,33359567,33359823,33361968	8	4,156,3,2,3,1,2,0	2.21,86.188,1.657,1.105,1.657,0.552,1.105,0	11,113,11,12,14,5,21,10	5.164,53.052,5.164,5.634,6.573,2.347,9.859,4.695	2.954,-33.136,3.507,4.529,4.916,1.795,8.754,4.695
ENSG00000142207.7	ENSG00000142207	0.092415514592934	0.233945224446915	Last_exon_tandem_APA	chr21	-	URB1	protein_coding	32311018,32313466,32313584,32313965,32314044,32314154	6	21,36,11,22,195,34	6.25,10.714,3.274,6.548,58.036,10.119	11,30,7,4,85,12	7.097,19.355,4.516,2.581,54.839,7.742	0.847,8.641,1.242,-3.967,-3.197,-2.377
ENSG00000280800.1	ENSG00000280800	0.244755244755245	0.309882375634968	Last_exon_tandem_APA	chr21	-	ENSG00000280800	lncRNA	8210440,8210497,8210554,8210865,8210928	5	8,6,3,12,5	15.385,11.538,5.769,23.077,9.615	4,3,2,3,2	18.182,13.636,9.091,13.636,9.091	2.797,2.098,3.322,-9.441,-0.524
ENSG00000180530.11	ENSG00000180530	-0.0124481327800829	0.751610663122315	Last_exon_tandem_APA	chr21	-	NRIP1	protein_coding	14961244,14961753	2	120,4	93.023,3.101	225,4	93.361,1.66	0.338,-1.441
ENSG00000156253.7	ENSG00000156253	0.180656443368308	0.0835977236187266	Last_exon_tandem_APA	chr21	-	RWDD2B	protein_coding	29004778,29005759,29006211	3	3,104,11	2.381,82.54,8.73	9,33,6	15.254,55.932,10.169	12.873,-26.608,1.439
ENSG00000160190.14	ENSG00000160190	0.042766001234822	0.227302621240779	Mixed_APA	chr21	+	SLC37A1	protein_coding	42575949,42581339,42581426	3	9,5,197	4.186,2.326,91.628	0,10,212	0,4.425,93.805	-4.186,2.099,2.177
ENSG00000159259.8	ENSG00000159259	-0.0235371036286368	0.772229908693186	Mixed_APA	chr21	+	CHAF1B	protein_coding	36398723,36416827,36419015	3	17,302,72	4.261,75.689,18.045	2,54,10	2.899,78.261,14.493	-1.362,2.572,-3.552
ENSG00000142197.13	ENSG00000142197	0.193073593073593	0.206623153240181	Last_exon_tandem_APA	chr21	+	DOP1B	protein_coding	36294122,36294274	2	13,11	39.394,33.333	54,47	51.429,44.762	12.035,11.429
ENSG00000278233.1	ENSG00000278233	-0.00137931034482759	0.469665074157431	Single PAS	chr21	+	RNA5-8SN2	rRNA	8212728	1	1514	99.934	724	99.862	-0.072
ENSG00000159147.18	ENSG00000159147	0.0565015479876161	0.439987944494568	Mixed_APA	chr21	-	DONSON	protein_coding	33577471,33577557,33577727,33577905,33578190	5	46,118,5,301,7	9.312,23.887,1.012,60.931,1.417	13,26,4,81,0	9.559,19.118,2.941,59.559,0	0.247,-4.769,1.929,-1.372,-1.417
ENSG00000154734.16	ENSG00000154734	0.0914368650217706	0.38683959986375	Last_exon_tandem_APA	chr21	-	ADAMTS1	protein_coding	26836287,26836413,26837011	3	38,9,3	71.698,16.981,5.66	75,2,6	82.418,2.198,6.593	10.72,-14.783,0.933
ENSG00000197381.18	ENSG00000197381	0.135326086956522	0.248332557230259	Mixed_APA	chr21	+	ADARB1	protein_coding	45222582,45223286,45224246,45226560	4	10,3,3,36	15.625,4.688,4.688,56.25	26,4,2,76	22.609,3.478,1.739,66.087	6.984,-1.21,-2.949,9.837
ENSG00000159110.22	ENSG00000159110	0.117464456447507	0.177935966854664	Mixed_APA	chr21	+	IFNAR2	protein_coding	33252803,33262757,33265664	3	16,129,22	9.04,72.881,12.429	5,63,19	5.495,69.231,20.879	-3.545,-3.65,8.45
ENSG00000154640.15	ENSG00000154640	-0.00867478774455521	0.67950943229196	Single PAS	chr21	-	BTG3	protein_coding	17593653	1	244	96.825	292	97.01	0.185
ENSG00000156273.16	ENSG00000156273	0.0264718440153707	0.73444377986593	Mixed_APA	chr21	+	BACH1	protein_coding	29329693,29344975,29345842,29345903,29345989,29346148,29630751	7	2,4,13,6,70,109,2	0.935,1.869,6.075,2.804,32.71,50.935,0.935	5,3,15,5,57,106,4	2.538,1.523,7.614,2.538,28.934,53.807,2.03	1.603,-0.346,1.539,-0.266,-3.776,2.872,1.095
ENSG00000156239.12	ENSG00000156239	0.137022054025838	0.291124826301324	Mixed_APA	chr21	-	N6AMT1	protein_coding	28871223,28872191,28873256,28874645,28876155,28876261	6	4,22,5,20,38,3	4.124,22.68,5.155,20.619,39.175,3.093	2,29,2,12,29,4	2.532,36.709,2.532,15.19,36.709,5.063	-1.592,14.029,-2.623,-5.429,-2.466,1.97
ENSG00000185658.14	ENSG00000185658	-0.376809241046576	4.95954111112695e-08	Mixed_APA	chr21	-	BRWD1	protein_coding	39184176,39185482,39185893,39192419,39193819,39195580,39196120,39296439,39296775,39298077	10	24,26,36,36,18,27,14,51,15,6	7.571,8.202,11.356,11.356,5.678,8.517,4.416,16.088,4.732,1.893	33,10,24,23,9,10,5,192,49,15	8.088,2.451,5.882,5.637,2.206,2.451,1.225,47.059,12.01,3.676	0.517,-5.751,-5.474,-5.719,-3.472,-6.066,-3.191,30.971,7.278,1.783
ENSG00000233056.4	ENSG00000233056	0.0833333333333334	0.483008269063913	Single PAS	chr21	-	ERVH48-1	protein_coding	42916803	1	44	91.667	13	92.857	1.19
ENSG00000235890.2	ENSG00000235890	0.333333333333333	0.269505475491383	Mixed_APA	chr21	+	TSPEAR-AS1	lncRNA	44507533,44516575,44518751,44520821	4	6,5,2,4	33.333,27.778,11.111,22.222	0,6,5,2	0,35.294,29.412,11.765	-33.333,7.516,18.301,-10.457
ENSG00000215424.10	ENSG00000215424	0.542857142857143	0.0702683510040034	Mixed_APA	chr21	+	MCM3AP-AS1	lncRNA	46241023,46252855,46254134	3	5,9,3	16.667,30,10	0,3,6	0,21.429,42.857	-16.667,-8.571,32.857
ENSG00000185917.14	ENSG00000185917	0.0547259232764017	0.551308435344556	Mixed_APA	chr21	-	SETD4	protein_coding	36034541,36034943,36043684	3	84,6,104	39.81,2.844,49.289	47,2,49	44.34,1.887,46.226	4.53,-0.957,-3.063
ENSG00000182240.16	ENSG00000182240	-0.083570750237417	0.605718095931753	Last_exon_tandem_APA	chr21	+	BACE2	protein_coding	41275860,41275947,41276589,41282530	4	21,4,36,12	25.926,4.938,44.444,14.815	9,5,21,3	23.077,12.821,53.846,7.692	-2.849,7.883,9.402,-7.123
ENSG00000156256.15	ENSG00000156256	0.0228219696969697	0.459109080320803	Last_exon_tandem_APA	chr21	+	USP16	protein_coding	29054290,29054488	2	12,301	3.75,94.062	2,158	1.212,95.758	-2.538,1.696
ENSG00000160199.15	ENSG00000160199	0.136049052938319	0.249251198005779	Last_exon_tandem_APA	chr21	+	PKNOX1	protein_coding	43030214,43030715,43030772,43030925,43033577	5	71,12,31,36,70	30.603,5.172,13.362,15.517,30.172	25,3,1,8,29	35.211,4.225,1.408,11.268,40.845	4.608,-0.947,-11.954,-4.249,10.673
ENSG00000185272.14	ENSG00000185272	0.236111111111111	0.413406934428205	Last_exon_tandem_APA	chr21	+	RBM11	protein_coding	14227384,14228368	2	9,4	50,22.222	6,6	37.5,37.5	-12.5,15.278
ENSG00000182670.14	ENSG00000182670	0.0270247504597717	0.1742442459446	Last_exon_tandem_APA	chr21	+	TTC3	protein_coding	37201796,37203104	2	5,303	1.534,92.945	14,1247	1.068,95.118	-0.466,2.173
ENSG00000160226.16	ENSG00000160226	-0.0291970802919708	0.673113343880511	Last_exon_tandem_APA	chr21	-	CFAP410	protein_coding	44328944,44329891	2	25,124	15.924,78.981	23,108	16.788,78.832	0.864,-0.149
ENSG00000280433.2	ENSG00000280433	0.321212121212121	0.0197023906401408	Last_exon_tandem_APA	chr21	-	ENSG00000280433	artifact	5155499,5155774,5156156,5157002	4	24,25,22,5	30,31.25,27.5,6.25	41,14,8,1	62.121,21.212,12.121,1.515	32.121,-10.038,-15.379,-4.735
ENSG00000281181.1	ENSG00000281181	0.212962962962963	0.37936881838773	Last_exon_tandem_APA	chr21	-	ENSG00000281181	lncRNA	8437645,8437778,8437907,8438050,8438110	5	2,4,5,6,3	5.556,11.111,13.889,16.667,8.333	5,6,4,3,3	18.519,22.222,14.815,11.111,11.111	12.963,11.111,0.926,-5.556,2.778
ENSG00000205758.12	ENSG00000205758	0.159225806451613	0.081882163176751	Mixed_APA	chr21	-	CRYZL1	protein_coding	33589341,33589466,33589530,33589588,33589708,33594497,33595289,33595952,33616284	9	30,50,7,11,9,9,16,7,10	19.355,32.258,4.516,7.097,5.806,5.806,10.323,4.516,6.452	84,76,7,28,15,11,2,11,9	33.6,30.4,2.8,11.2,6,4.4,0.8,4.4,3.6	14.245,-1.858,-1.716,4.103,0.194,-1.406,-9.523,-0.116,-2.852
ENSG00000276529.1	ENSG00000276529	0.0153846153846154	0.563510535020417	Single PAS	chr21	+	ENSG00000276529	lncRNA	44979253	1	128	98.462	43	100	1.538
ENSG00000198862.14	ENSG00000198862	0.0353306540007308	0.533452989159752	Last_exon_tandem_APA	chr21	-	LTN1	protein_coding	28927885,28928145,28928238,28929800,28930150	5	3,137,3,6,3	1.863,85.093,1.863,3.727,1.863	5,146,6,4,4	2.941,85.882,3.529,2.353,2.353	1.078,0.789,1.666,-1.374,0.49
ENSG00000157617.17	ENSG00000157617	0.107368421052632	0.39177603129912	Last_exon_tandem_APA	chr21	-	C2CD2	protein_coding	41885112,41886173	2	57,6	76,8	30,5	78.947,13.158	2.947,5.158
ENSG00000160216.21	ENSG00000160216	0.589549262066215	0.00378432299867004	Last_exon_tandem_APA	chr21	+	AGPAT3	protein_coding	43983137,43983349,43984673,43986540,43987140	5	4,0,14,1,0	17.391,0,60.87,4.348,0	6,5,21,21,43	5.505,4.587,19.266,19.266,39.45	-11.886,4.587,-41.604,14.918,39.45
ENSG00000223768.4	ENSG00000223768	0.155715172474949	0.179925947479131	Mixed_APA	chr21	+	LINC00205	lncRNA	45289242,45296598,45296684,45296877,45297059,45297354	6	2,5,2,16,6,29	3.175,7.937,3.175,25.397,9.524,46.032	3,6,4,27,20,109	1.676,3.352,2.235,15.084,11.173,60.894	-1.499,-4.585,-0.94,-10.313,1.649,14.862
ENSG00000224905.8	ENSG00000224905	0.215311004784689	0.362474848953563	Mixed_APA	chr21	+	ENSG00000224905	lncRNA	14115327,14115493,14124621,14124775,14144462	5	2,4,7,5,14	5.263,10.526,18.421,13.158,36.842	3,2,0,2,11	13.636,9.091,0,9.091,50	8.373,-1.435,-18.421,-4.067,13.158
ENSG00000183570.17	ENSG00000183570	-0.119313197142499	0.150612372538083	Mixed_APA	chr21	+	PCBP3	protein_coding	45933646,45942450	2	3,70	3.797,88.608	14,79	13.861,78.218	10.064,-10.39
ENSG00000160298.18	ENSG00000160298	0.233834586466165	0.204817037952375	Mixed_APA	chr21	-	C21orf58	protein_coding	46300510,46301134,46301306,46321022,46321756,46322333,46323014	7	4,25,8,6,4,4,11	5.263,32.895,10.526,7.895,5.263,5.263,14.474	1,18,0,5,1,2,0	2.857,51.429,0,14.286,2.857,5.714,0	-2.406,18.534,-10.526,6.391,-2.406,0.451,-14.474
ENSG00000184221.13	ENSG00000184221	-0.0384615384615385	0.404127536297675	Single PAS	chr21	+	OLIG1	protein_coding	33072413	1	58	98.305	74	94.872	-3.433
ENSG00000154721.15	ENSG00000154721	0.11993006993007	0.390685454957617	Mixed_APA	chr21	+	JAM2	protein_coding	25714524,25714739,25714923,25717224,25717560	5	5,42,12,11,7	5.682,47.727,13.636,12.5,7.955	1,29,8,14,7	1.538,44.615,12.308,21.538,10.769	-4.144,-3.112,-1.328,9.038,2.814
ENSG00000160305.18	ENSG00000160305	0.0732946298984035	0.472625732686931	Mixed_APA	chr21	+	DIP2A	protein_coding	46546306,46547207,46558730,46569708,46569867,46570015,46572157	7	5,9,2,59,4,8,6	4.717,8.491,1.887,55.66,3.774,7.547,5.66	8,8,5,90,11,14,2	5.128,5.128,3.205,57.692,7.051,8.974,1.282	0.411,-3.363,1.318,2.032,3.277,1.427,-4.378
ENSG00000160233.8	ENSG00000160233	-0.0610942249240122	0.644977979982852	Last_exon_tandem_APA	chr21	+	LRRC3	protein_coding	44458856,44462196,44463447	3	6,23,2	17.143,65.714,5.714	16,70,4	17.021,74.468,4.255	-0.122,8.754,-1.459
ENSG00000185437.16	ENSG00000185437	0.03125	0.607543804894457	Single PAS	chr21	+	SH3BGR	protein_coding	39515504	1	61	95.312	46	93.878	-1.434
ENSG00000142149.9	ENSG00000142149	-0.0187210379981464	0.623157745606006	Single PAS	chr21	+	HUNK	protein_coding	32002004	1	81	97.59	124	95.385	-2.205
ENSG00000275993.4	ENSG00000275993	0.0434782608695652	0.329513852136425	Single PAS	chr21	+	ENSG00000275993	artifact	6123746	1	44	95.652	43	100	4.348
ENSG00000159082.18	ENSG00000159082	-0.0211267605633803	0.619949306394069	Single PAS	chr21	-	SYNJ1	protein_coding	32628764	1	23	100	139	97.887	-2.113
ENSG00000249209.2	ENSG00000249209	0.101633393829401	0.557490042821135	Mixed_APA	chr21	-	ENSG00000249209	protein_coding	33901026,33903458	2	2,16	10.526,84.211	6,22	20.69,75.862	10.164,-8.349
ENSG00000177692.12	ENSG00000177692	0.644042232277526	0.00224997514217762	Mixed_APA	chr21	-	DNAJC28	protein_coding	33485529,33488227	2	5,31	12.821,79.487	13,3	76.471,17.647	63.65,-61.84
ENSG00000243646.11	ENSG00000243646	-0.0350877192982456	0.58406578590881	Single PAS	chr21	+	IL10RB	protein_coding	33297219	1	25	100	54	94.737	-5.263
ENSG00000166979.13	ENSG00000166979	0.130434782608696	0.254736025212691	Single PAS	chr21	+	EVA1C	protein_coding	32515387	1	19	82.609	25	100	17.391
