gene_id	short_gene_id	APA_change	pvalue	APA_type	chrom	strand	gene_name	gene_biotype	number_of_PAS	PAS_coordinates	PAS_read_counts	PAS_PAUs	PAUs_D0	PAUs_D7	PAU_changes	reads_D0	reads_D7	P_adj	APA_trend
ENSG00000182871.16	ENSG00000182871	-0.0145342879153032	0.622428131967525	Last_exon_tandem_APA	chr21	+	COL18A1	protein_coding	2	45512587,45513720	1855,2434	40.87,53.62	28.16,54.46	27.83,53.27	-0.33,-1.19	572,1106	698,1336	0.788408967158865	no change
ENSG00000182093.16	ENSG00000182093	-0.0594902235162239	0.0923778485797235	Mixed_APA	chr21	+	GET1	protein_coding	3	39397700,39397750,39397889	1255,101,125	79.43,6.39,7.91	77.37,4.53,10.08	80.35,7.13,6.95	2.98,2.6,-3.13	376,22,49	879,78,76	0.22502296448907	no change
ENSG00000156261.13	ENSG00000156261	0.0291083361730722	0.0820271129285188	Mixed_APA	chr21	-	CCT8	protein_coding	2	29056326,29056375	6891,303	94.24,4.14	93.52,4.07	96.39,1.46	2.87,-2.61	4920,214	1977,30	0.212179223192065	no change
ENSG00000275464.6	ENSG00000275464	0.0640534995660065	0.471331193705169	Last_exon_tandem_APA	chr21	-	ENSG00000275464	artifact	3	5130871,5130932,5130998	177,349,7	32.01,63.11,1.27	30.66,62.93,1.6	37.07,58.62,1.72	6.41,-4.31,0.12	134,275,7	43,68,2	0.710737514317319	no change
ENSG00000183255.12	ENSG00000183255	0.018794670296236	0.573885203365356	Last_exon_tandem_APA	chr21	-	PTTG1IP	protein_coding	2	44849598,44849872	3085,62	92.92,1.87	91.94,1.64	93.78,2.15	1.84,0.51	1175,21	1915,44	0.775393112033526	no change
ENSG00000154723.13	ENSG00000154723	0.0748917748917749	0.000000299414753768268	Mixed_APA	chr21	-	ATP5PF	protein_coding	2	25724500,25724545	3346,2137	59.59,38.06	57.1,41.14	64.49,34.2	7.39,-6.94	1947,1403	1422,754	0.00000406348594399792	no change
ENSG00000159228.13	ENSG00000159228	0.0229875573451269	0.924958416250663	Last_exon_tandem_APA	chr21	+	CBR1	protein_coding	2	36072985,36073164	9,798	1.1,97.2	1.22,95.81	0,95.12	-1.22,-0.69	9,708	0,78	0.948870722515079	no change
ENSG00000142192.22	ENSG00000142192	-0.0303550236234578	0.0415574462358755	Last_exon_tandem_APA	chr21	-	APP	protein_coding	2	25880553,25880806	2406,4797	31.41,62.63	33.04,59.8	31.1,64.13	-1.94,4.33	868,1571	1565,3227	0.134254866215771	no change
ENSG00000160285.15	ENSG00000160285	0.0717657949548716	0.0160190536591545	Mixed_APA	chr21	-	LSS	protein_coding	2	46188446,46189131	113,1410	7,87.31	4.48,89.31	9.93,84.97	5.45,-4.34	39,777	74,633	0.0634087540674864	no change
ENSG00000160213.9	ENSG00000160213	0.020041412868221	0.570297808802014	Last_exon_tandem_APA	chr21	-	CSTB	protein_coding	3	43772512,43773697,43773950	45,39,3377	1.26,1.09,94.41	0.72,1.14,94.55	2.73,0.94,94.02	2.01,-0.2,-0.53	19,30,2481	26,9,896	0.775393112033526	no change
ENSG00000205927.5	ENSG00000205927	0.158543417366947	0.084871689276826	Last_exon_tandem_APA	chr21	+	OLIG2	protein_coding	3	33028557,33028768,33029196	6,4,60	6.98,4.65,69.77	11.76,5.88,70.59	0,2.86,77.14	-11.76,-3.02,6.55	6,3,36	0,1,27	0.212179223192065	no change
ENSG00000184900.16	ENSG00000184900	0.0373524228387841	0.250370099642815	Last_exon_tandem_APA	chr21	-	SUMO3	protein_coding	4	44805617,44805659,44805858,44806715	1913,106,241,139	74.03,4.1,9.33,5.38	73.72,5.69,10.34,5.96	77.16,2.99,10.3,5.22	3.44,-2.7,-0.04,-0.74	1411,109,198,114	517,20,69,35	0.440465916038286	no change
ENSG00000160310.19	ENSG00000160310	0.226943132411781	0.000000000000000111022302462516	Mixed_APA	chr21	+	PRMT2	protein_coding	7	46649888,46653142,46660144,46661270,46664941,46665124,46665685	280,16,129,79,727,18,38	18.11,1.03,8.34,5.11,47.02,1.16,2.46	31.38,1.95,9.04,3.9,35.99,1.24,3.19	12.93,1.63,9.37,7.64,52.04,2.14,3.67	-18.45,-0.32,0.33,3.74,16.05,0.9,0.48	177,11,51,22,203,7,18	127,16,92,75,511,21,36	0.00000000000000527355936696949	longer
ENSG00000185808.14	ENSG00000185808	0.0750896679393729	0.279690835645901	Mixed_APA	chr21	-	PIGP	protein_coding	5	37063701,37065376,37065459,37065509,37071285	5,260,48,20,9	1.09,56.64,10.46,4.36,1.96	0.5,51.24,9.95,5.97,3.48	1.55,62.79,10.85,3.1,0.78	1.05,11.55,0.9,-2.87,-2.7	1,103,20,12,7	4,162,28,8,2	0.483102352479284	no change
ENSG00000183527.12	ENSG00000183527	0.0543644037738526	0.181988518666195	Last_exon_tandem_APA	chr21	-	PSMG1	protein_coding	2	39174714,39175458	24,1500	1.53,95.85	0.34,97.04	5.25,92.13	4.91,-4.91	4,1149	20,351	0.345506427932702	no change
ENSG00000173638.19	ENSG00000173638	0.154562012919151	0.000859299837283611	Mixed_APA	chr21	-	SLC19A1	protein_coding	7	45512233,45512394,45512569,45513724,45513776,45514715,45515134	10,7,50,20,76,384,38	1.47,1.03,7.35,2.94,11.18,56.47,5.59	1.08,0.43,8.42,2.81,9.72,60.69,5.83	2.3,2.3,10.6,3.23,14.29,47.47,5.07	1.22,1.87,2.18,0.42,4.57,-13.22,-0.76	5,2,39,13,45,281,27	5,5,23,7,31,103,11	0.00649417829192734	longer
ENSG00000160194.18	ENSG00000160194	0.0225623167459215	0.58766635859383	Mixed_APA	chr21	+	NDUFV3	protein_coding	4	42883825,42909100,42909670,42911901	51,1935,176,42	2.21,83.73,7.62,1.82	2.11,83.95,7.33,1.98	2.76,82.18,8.16,2.26	0.65,-1.77,0.83,0.28	32,1271,111,30	22,655,65,18	0.775393112033526	no change
ENSG00000142188.17	ENSG00000142188	0.168135613138257	0.00823631236671785	Mixed_APA	chr21	-	TMEM50B	protein_coding	6	33432486,33449010,33449141,33449893,33450600,33450701	131,5,152,6,61,29	32.67,1.25,37.91,1.5,15.21,7.23	31.15,1.64,27.87,4.1,18.03,13.11	33.33,1.08,42.29,0.36,13.98,5.02	2.18,-0.56,14.42,-3.74,-4.05,-8.09	38,2,34,5,22,16	93,3,118,1,39,14	0.0391224837419098	longer
ENSG00000160294.11	ENSG00000160294	0.0502662406815761	0.371231747800421	Mixed_APA	chr21	-	MCM3AP	protein_coding	2	46235133,46251515	717,26	85.56,3.1	84.95,3.24	89.46,2.88	4.51,-0.36	446,17	280,9	0.578147803951475	no change
ENSG00000142168.15	ENSG00000142168	0.0323962848836197	0.0442999007073572	Last_exon_tandem_APA	chr21	+	SOD1	protein_coding	3	31668677,31668858,31668926	4366,90,1290	67.18,1.38,19.85	69.36,1.95,18.8	70.56,1.52,21.56	1.2,-0.43,2.76	2915,82,790	1620,35,495	0.135757760232224	no change
ENSG00000184787.19	ENSG00000184787	0.0264221578299908	0.714910626933577	Mixed_APA	chr21	-	UBE2G2	protein_coding	4	44769046,44769117,44771263,44799987	867,42,22,23	85.17,4.13,2.16,2.26	84.58,4.13,2.86,1.91	86.12,3.6,1.03,2.83	1.54,-0.53,-1.83,0.92	532,26,18,12	335,14,4,11	0.828250116569387	no change
ENSG00000156304.15	ENSG00000156304	0.0480224421709948	0.479558740856655	Mixed_APA	chr21	-	SCAF4	protein_coding	8	31666728,31670799,31671033,31671142,31671183,31681365,31684010,31684781	11,8,614,24,44,19,10,8	1.39,1.01,77.53,3.03,5.56,2.4,1.26,1.01	0.18,1.23,77.41,3.15,6.48,1.93,1.23,0.53	4.52,0.45,77.83,2.71,3.17,3.62,1.36,2.26	4.34,-0.78,0.42,-0.44,-3.31,1.69,0.13,1.73	1,7,442,18,37,11,7,3	10,1,172,6,7,8,3,5	0.711845005959097	no change
ENSG00000155313.16	ENSG00000155313	0.0725748502994012	0.383591243988809	Last_exon_tandem_APA	chr21	+	USP25	protein_coding	5	15878666,15878907,15879712,15880001,15880064	8,278,84,5,40	1.74,60.57,18.3,1.09,8.71	2.4,61.08,17.96,0.9,7.78	0,59.2,19.2,1.6,11.2	-2.4,-1.88,1.24,0.7,3.42	8,204,60,3,26	0,74,24,2,14	0.587760777079626	no change
ENSG00000155304.6	ENSG00000155304	0.112946109009101	0.000233329267330551	Last_exon_tandem_APA	chr21	-	HSPA13	protein_coding	3	14371115,14372798,14372839	1176,92,85	82.12,6.42,5.94	75,10.04,8.66	86.04,4.44,4.44	11.04,-5.6,-4.22	381,51,44	795,41,41	0.00201511639967294	longer
ENSG00000160208.13	ENSG00000160208	0.0159319475326901	0.893427605177452	Last_exon_tandem_APA	chr21	+	RRP1B	protein_coding	2	43693451,43696079	38,1248	2.87,94.19	2.97,93.96	2.48,95.04	-0.49,1.08	31,980	7,268	0.948870722515079	no change
ENSG00000142156.16	ENSG00000142156	0.042522606074658	0.171441547017266	Last_exon_tandem_APA	chr21	+	COL6A1	protein_coding	2	46004102,46005048	108,1730	5.43,86.93	6.43,85.26	4.67,89.43	-1.76,4.17	55,729	53,1015	0.332386672788577	no change
ENSG00000157557.13	ENSG00000157557	0.121571343756184	0.00912319117091909	Last_exon_tandem_APA	chr21	+	ETS2	protein_coding	4	38823453,38823801,38824902,38824955	71,257,34,253	11.16,40.41,5.35,39.78	12.26,42.58,6.77,33.55	10.12,38.04,3.99,45.4	-2.14,-4.54,-2.78,11.85	38,132,21,104	33,124,13,148	0.0412715791065387	longer
ENSG00000159086.15	ENSG00000159086	0.0829318273300563	0.141165173350673	Mixed_APA	chr21	-	PAXBP1	protein_coding	5	32733899,32734096,32734250,32734824,32741339	429,6,13,24,51	74.48,1.04,2.26,4.17,8.85	70.85,1.25,2.19,4.08,10.97	78.99,0.78,2.33,4.28,6.23	8.14,-0.47,0.14,0.2,-4.74	226,4,7,13,35	203,2,6,11,16	0.298015365962531	no change
ENSG00000160191.18	ENSG00000160191	0.0568660968660969	0.604504046459806	Mixed_APA	chr21	+	PDE9A	protein_coding	3	42701191,42775440,42775509	23,27,347	5.1,5.99,76.94	5.98,5.98,77.78	2,6,81	-3.98,0.02,3.22	21,21,273	2,6,81	0.786683348132625	no change
ENSG00000154642.11	ENSG00000154642	0.169362745098039	0.011512215576618	Last_exon_tandem_APA	chr21	-	C21orf91	protein_coding	4	17788974,17789742,17792804,17793252	252,5,18,60	68.66,1.36,4.9,16.35	63.53,1.57,5.49,20	80.36,0.89,3.57,6.25	16.83,-0.68,-1.92,-13.75	162,4,14,51	90,1,4,7	0.0497118399899412	longer
ENSG00000159079.19	ENSG00000159079	0.0252781199383141	0.646191002289992	Mixed_APA	chr21	-	CFAP298	protein_coding	2	32600133,32601667	36,2285	1.49,94.66	1.2,95.05	2.67,92.48	1.47,-2.57	24,1903	11,381	0.795516072277225	no change
ENSG00000156299.15	ENSG00000156299	0.0974025974025975	0.36083679737594	Last_exon_tandem_APA	chr21	-	TIAM1	protein_coding	2	31118418,31120081	192,9	89.3,4.19	84.55,4.55	94.29,3.81	9.74,-0.74	93,5	99,4	0.571324929178572	no change
ENSG00000160200.18	ENSG00000160200	-0.0307519981618553	0.748187072277474	Mixed_APA	chr21	-	CBS	protein_coding	2	43053191,43055057	1443,25	90.81,1.57	90.97,1.55	89.53,1.74	-1.44,0.19	1289,22	154,3	0.856358697185061	no change
ENSG00000159131.17	ENSG00000159131	0.139867182284833	0.00000163359003957364	Mixed_APA	chr21	-	GART	protein_coding	5	33498518,33503184,33503962,33504014,33524009	38,247,622,21,561	1.86,12.1,30.48,1.03,27.49	0.93,11,34.24,1.18,26.48	5.79,18.98,24.31,1.62,33.56	4.86,7.98,-9.93,0.44,7.08	15,177,551,19,426	25,82,105,7,145	0.000019398881719937	longer
ENSG00000157538.14	ENSG00000157538	0.105772804632328	0.0418823520404804	Mixed_APA	chr21	-	VPS26C	protein_coding	7	37221755,37223422,37223679,37225221,37225284,37225400,37261082	16,444,27,21,22,42,94	2.22,61.58,3.74,2.91,3.05,5.83,13.04	1.33,60.15,4.36,2.47,3.42,6.26,14.61	4.64,65.46,2.06,4.12,2.06,4.64,8.76	3.31,5.31,-2.3,1.65,-1.36,-1.62,-5.85	7,317,23,13,18,33,77	9,127,4,8,4,9,17	0.134254866215771	no change
ENSG00000243927.6	ENSG00000243927	0.0736054012206653	0.00198691303573384	Last_exon_tandem_APA	chr21	+	MRPS6	protein_coding	2	34142984,34143030	459,1897	19.3,79.77	22.14,76.37	14.86,83.69	-7.28,7.32	312,1076	144,811	0.0117972961496697	no change
ENSG00000154727.11	ENSG00000154727	0.0650635913793808	0.549712762807562	Last_exon_tandem_APA	chr21	+	GABPA	protein_coding	6	25769384,25769586,25769746,25769988,25770067,25772460	11,9,6,11,22,279	3.18,2.6,1.73,3.18,6.36,80.64	3.64,2.02,2.43,4.05,6.48,78.54	2.02,4.04,0,1.01,6.06,84.85	-1.62,2.02,-2.43,-3.04,-0.42,6.31	9,5,6,10,16,194	2,4,0,1,6,84	0.767981065687035	no change
ENSG00000142173.17	ENSG00000142173	-0.0471036585365854	0.585219672659666	Mixed_APA	chr21	+	COL6A2	protein_coding	2	46129800,46132848	75,559	11.5,85.74	10.57,85.37	14.38,81.88	3.81,-3.49	52,420	23,131	0.775393112033526	no change
ENSG00000182362.14	ENSG00000182362	-0.0548381954407779	0.521787711763298	Mixed_APA	chr21	+	YBEY	protein_coding	3	46287086,46297723,46313225	8,433,6	1.53,82.95,1.15	1.08,85.91,0.54	2.61,77.12,2.61	1.53,-8.79,2.07	4,317,2	4,118,4	0.739848248022587	no change
ENSG00000159267.17	ENSG00000159267	0.282107843137255	0.000121912763329401	Mixed_APA	chr21	-	HLCS	protein_coding	10	36748607,36750888,36751066,36751192,36751272,36752050,36752702,36753766,36754155,36854788	21,5,4,69,4,21,12,11,5,5	11.6,2.76,2.21,38.12,2.21,11.6,6.63,6.08,2.76,2.76	2.35,3.53,2.35,34.12,3.53,14.12,8.24,9.41,5.88,2.35	19.79,2.08,3.12,41.67,1.04,9.38,5.21,3.12,0,3.12	17.44,-1.45,0.77,7.55,-2.49,-4.74,-3.03,-6.29,-5.88,0.77	2,3,2,29,3,12,7,8,5,2	19,2,3,40,1,9,5,3,0,3	0.00115817125162931	longer
ENSG00000280071.5	ENSG00000280071	0.0731010150180836	0.0423962735418225	Mixed_APA	chr21	-	ENSG00000280071	artifact	2	5116343,5120641	1462,93	86.97,5.53	85.36,6.47	92.43,1.31	7.07,-5.16	1108,84	354,5	0.134254866215771	no change
ENSG00000273590.6	ENSG00000273590	0.066111111111111	0.0393119399094413	Last_exon_tandem_APA	chr21	+	ENSG00000273590	artifact	2	7758627,7760557	186,4	95.88,2.06	96.53,1.39	88,4	-8.53,2.61	139,2	44,2	0.134254866215771	no change
ENSG00000160209.19	ENSG00000160209	-0.0561108362196932	0.331871805068741	Last_exon_tandem_APA	chr21	+	PDXK	protein_coding	4	43756146,43756259,43758947,43762296	322,102,45,167	34.89,11.05,4.88,18.09	35.03,11.63,4.07,19.48	34.04,12.77,8.09,14.89	-0.99,1.14,4.02,-4.59	241,80,28,134	80,30,19,35	0.543583128991904	no change
ENSG00000160218.13	ENSG00000160218	0.131625994457853	0.082673808238838	Mixed_APA	chr21	+	TRAPPC10	protein_coding	11	44059698,44060258,44084502,44100066,44104733,44105050,44105686,44105896,44105946,44106277,44106552	20,22,10,11,47,58,4,37,9,21,29	6.43,7.07,3.22,3.54,15.11,18.65,1.29,11.9,2.89,6.75,9.32	6.06,9.6,4.04,3.54,15.15,20.2,1.01,12.63,4.55,5.56,6.06	7.08,2.65,1.77,3.54,14.16,18.58,1.77,10.62,0,8.85,15.04	1.02,-6.95,-2.27,0,-0.99,-1.62,0.76,-2.01,-4.55,3.29,8.98	12,19,8,7,30,40,2,25,9,11,12	8,3,2,4,16,21,2,12,0,10,17	0.212179223192065	no change
ENSG00000154639.19	ENSG00000154639	0.0569010389210403	0.00326721586317735	Mixed_APA	chr21	+	CXADR	protein_coding	3	17567760,17570098,17593910	133,3107,48	3.76,87.74,1.36	5.87,82.65,2.07	1.88,93.07,1	-3.99,10.42,-1.07	108,1520,38	32,1584,17	0.0182579710001087	no change
ENSG00000198743.7	ENSG00000198743	-0.0259834871296746	0.867572925247653	Mixed_APA	chr21	+	SLC5A3	protein_coding	4	34074277,34103454,34106216,34106260	52,9,14,450	9.49,1.64,2.55,82.12	7.75,1.41,3.52,79.58	10.1,1.72,2.22,82.02	2.35,0.31,-1.3,2.44	11,2,5,113	41,7,9,333	0.947349745960081	no change
ENSG00000205726.15	ENSG00000205726	0.21974358974359	0.00000000245980225077602	Mixed_APA	chr21	+	ITSN1	protein_coding	8	33817650,33817736,33837369,33837452,33838456,33838498,33897896,33899861	31,28,23,70,21,657,13,54	3.26,2.95,2.42,7.37,2.21,69.16,1.37,5.68	2.31,2.62,3.08,9.08,2.62,73.85,0,0.92	5.33,3.67,1,3.67,1.33,59,3.67,16	3.02,1.05,-2.08,-5.41,-1.29,-14.85,3.67,15.08	15,17,20,59,17,480,0,6	16,11,3,11,4,177,11,48	0.0000000778937379412407	longer
ENSG00000159140.23	ENSG00000159140	-0.0712985712985713	0.0018466937907532	Mixed_APA	chr21	+	SON	protein_coding	4	33559062,33560662,33577350,33577481	398,209,368,1380	15.15,7.96,14.01,52.53	12.96,8.54,13.02,55.1	19.42,8.41,10.81,51.25	6.46,-0.13,-2.21,-3.85	211,139,212,897	194,84,108,512	0.0116957273414369	no change
ENSG00000159200.18	ENSG00000159200	0.038425576836073	0.802106131485748	Mixed_APA	chr21	-	RCAN1	protein_coding	3	34516442,34516484,34516668	11,392,23	2.48,88.29,5.18	3.16,84.21,5.26	2.29,89.4,5.16	-0.87,5.19,-0.1	3,80,5	8,312,18	0.902158910265163	no change
ENSG00000166265.13	ENSG00000166265	0.195618444734066	0.00555903211616826	Mixed_APA	chr21	-	CYYR1	protein_coding	5	26466216,26467265,26468030,26477577,26566032	170,198,33,17,17	35.79,41.68,6.95,3.58,3.58	33.08,43.51,6.87,4.07,4.07	48.78,32.93,7.32,1.22,1.22	15.7,-10.58,0.45,-2.85,-2.85	130,171,27,16,16	40,27,6,1,1	0.0283918686544216	longer
ENSG00000173276.14	ENSG00000173276	0.417582417582418	0.00000022197724924844	Last_exon_tandem_APA	chr21	-	ZBTB21	protein_coding	5	41986831,41988230,41988639,41990336,41990769	67,3,62,4,6	42.95,1.92,39.74,2.56,3.85	25.27,2.2,52.75,4.4,4.4	67.69,1.54,21.54,0,3.08	42.42,-0.66,-31.21,-4.4,-1.32	23,2,48,4,4	44,1,14,0,2	0.00000351463977976696	longer
ENSG00000186866.17	ENSG00000186866	0.071171531387445	0.288802273801063	Mixed_APA	chr21	-	POFUT2	protein_coding	3	45263019,45263935,45285698	10,462,8	1.96,90.59,1.57	1.95,86.34,1.95	1.97,93.44,1.31	0.02,7.1,-0.64	4,177,4	6,285,4	0.489932428769661	no change
ENSG00000160214.13	ENSG00000160214	0.0359487611483279	0.669908271391348	Last_exon_tandem_APA	chr21	+	RRP1	protein_coding	2	43804099,43805757	912,12	94.51,1.24	94.16,1.04	92.78,2.06	-1.38,1.02	726,8	180,4	0.795516072277225	no change
ENSG00000141956.14	ENSG00000141956	0.179487179487179	0.0672550811285095	Mixed_APA	chr21	-	PRDM15	protein_coding	2	41798225,41799121	76,10	70.37,9.26	65.38,10.26	83.33,6.67	17.95,-3.59	51,8	25,2	0.187918609035541	no change
ENSG00000159128.16	ENSG00000159128	0.0164039718935861	0.928894496777919	Mixed_APA	chr21	+	IFNGR2	protein_coding	4	33427036,33434546,33437464,33437516	11,6,6,526	1.94,1.06,1.06,92.61	1.78,0.89,1.19,87.54	2.16,1.3,0.87,88.31	0.38,0.41,-0.32,0.77	6,3,4,295	5,3,2,204	0.948870722515079	no change
ENSG00000198618.5	ENSG00000198618	-0.0278202189966896	0.86142180761542	Last_exon_tandem_APA	chr21	+	PPIAP22	processed_pseudogene	5	18857974,18858168,18858243,18858290,18858493	7,5,10,7,438	1.43,1.02,2.04,1.43,89.57	1.4,1.68,1.96,1.96,86.55	1.52,0.76,2.27,0.76,87.12	0.12,-0.92,0.31,-1.2,0.57	5,6,7,7,309	2,1,3,1,115	0.947349745960081	no change
ENSG00000160193.12	ENSG00000160193	0.0656864819124179	0.639264731020857	Mixed_APA	chr21	-	WDR4	protein_coding	5	42842997,42843094,42847663,42848101,42849226	10,370,45,13,28	1.83,67.64,8.23,2.38,5.12	2.04,66.67,9.2,2.25,4.5	0,72.41,0,3.45,10.34	-2.04,5.74,-9.2,1.2,5.84	10,326,45,11,22	0,42,0,2,6	0.795516072277225	no change
ENSG00000157540.22	ENSG00000157540	0.181196581196581	0.0140071672371885	Last_exon_tandem_APA	chr21	+	DYRK1A	protein_coding	4	37514759,37515170,37515249,37515377	6,240,17,38	1.85,74.07,5.25,11.73	1.71,79.91,2.99,9.4	2.22,58.89,11.11,17.78	0.51,-21.02,8.12,8.38	4,187,7,22	2,53,10,16	0.0578556907623005	no change
ENSG00000159256.13	ENSG00000159256	0.0166828113227855	0.963347974207184	Mixed_APA	chr21	+	MORC3	protein_coding	6	36376528,36376591,36376632,36377200,36378823,36378884	50,4,198,3,3,7	18.05,1.44,71.48,1.08,1.08,2.53	15.79,2.63,70.18,0.88,0.88,1.75	18.4,0.61,72.39,1.23,1.23,3.07	2.61,-2.02,2.21,0.35,0.35,1.32	18,3,80,1,1,2	30,1,118,2,2,5	0.963347974207184	no change
ENSG00000205670.12	ENSG00000205670	0.217793880837359	0.00100421098756387	Mixed_APA	chr21	+	SMIM11	protein_coding	2	34389151,34402773	129,20	83.77,12.99	87.96,6.48	67.39,28.26	-20.57,21.78	95,7	31,13	0.0068142888441834	longer
ENSG00000142166.15	ENSG00000142166	0.306798433325552	0.0000000100031597449757	Mixed_APA	chr21	+	IFNAR1	protein_coding	8	33349075,33356000,33356041,33356550,33359141,33359304,33359823,33361968	15,8,260,14,13,17,22,10	3.81,2.03,65.99,3.55,3.3,4.31,5.58,2.54	2.21,3.31,82.87,1.66,1.1,1.66,1.1,0	5.16,0.94,51.64,5.16,5.16,6.57,8.45,4.69	2.95,-2.37,-31.23,3.5,4.06,4.91,7.35,4.69	4,6,150,3,2,3,2,0	11,2,110,11,11,14,18,10	0.000000237575043943172	longer
ENSG00000142207.7	ENSG00000142207	0.0877839282305784	0.194406806053024	Last_exon_tandem_APA	chr21	-	URB1	protein_coding	6	32311018,32313466,32313584,32313965,32314044,32314154	32,61,17,26,279,37	6.49,12.37,3.45,5.27,56.59,7.51	6.21,9.76,2.96,6.51,57.4,7.99	7.1,18.06,4.52,2.58,54.84,7.1	0.89,8.3,1.56,-3.93,-2.56,-0.89	21,33,10,22,194,27	11,28,7,4,85,11	0.348465029717685	no change
ENSG00000280800.1	ENSG00000280800	0.244755244755245	0.11615387145417	Last_exon_tandem_APA	chr21	-	ENSG00000280800	lncRNA	7	8210440,8210578,8210723,8210832,8210928,8210972,8211105	10,3,3,7,3,3,3	13.51,4.05,4.05,9.46,4.05,4.05,4.05	13.46,3.85,5.77,11.54,3.85,3.85,7.69	13.64,4.55,0,4.55,4.55,4.55,0	0.18,0.7,-5.77,-6.99,0.7,0.7,-7.69	7,2,3,6,2,2,4	3,1,0,1,1,1,0	0.262728994955862	no change
ENSG00000180530.11	ENSG00000180530	0.0152787159445463	0.961530363130245	Last_exon_tandem_APA	chr21	-	NRIP1	protein_coding	2	14961244,14961753	343,8	92.7,2.16	92.25,3.1	92.95,1.66	0.7,-1.44	119,4	224,4	0.963347974207184	no change
ENSG00000156253.7	ENSG00000156253	0.180656443368308	0.000888677029421636	Mixed_APA	chr21	-	RWDD2B	protein_coding	6	29003725,29004778,29005759,29006150,29006211,29008172	3,8,135,3,14,3	1.62,4.32,72.97,1.62,7.57,1.62	0.79,0.79,80.95,0.79,5.56,1.59	3.39,11.86,55.93,3.39,8.47,1.69	2.6,11.07,-25.02,2.6,2.91,0.1	1,1,102,1,7,2	2,7,33,2,5,1	0.00649417829192734	longer
ENSG00000160190.14	ENSG00000160190	0.042766001234822	0.668293154789994	Mixed_APA	chr21	+	SLC37A1	protein_coding	4	42575949,42581339,42581385,42581426	9,15,5,404	2.04,3.4,1.13,91.61	4.19,2.33,0.93,90.7	0,4.42,1.33,92.48	-4.19,2.09,0.4,1.78	9,5,2,195	0,10,3,209	0.795516072277225	no change
ENSG00000159259.8	ENSG00000159259	0.0297482837528604	0.901118064177849	Mixed_APA	chr21	+	CHAF1B	protein_coding	4	36398723,36416785,36416827,36419015	19,10,345,82	4.06,2.14,73.72,17.52	4.01,2.76,72.68,18.05	2.9,0,78.26,14.49	-1.11,-2.76,5.58,-3.56	16,11,290,72	2,0,54,10	0.948870722515079	no change
ENSG00000142197.13	ENSG00000142197	0.232900432900433	0.02471738525727	Last_exon_tandem_APA	chr21	+	DOP1B	protein_coding	3	36294122,36294169,36294274	45,23,58	32.61,16.67,42.03	36.36,6.06,33.33	31.43,19.05,44.76	-4.93,12.99,11.43	12,2,11	33,20,47	0.0939260639776259	no change
ENSG00000159147.18	ENSG00000159147	0.0566801619433198	0.510026996342386	Mixed_APA	chr21	-	DONSON	protein_coding	4	33577471,33577557,33577905,33578190	55,72,375,7	8.77,11.48,59.81,1.12	8.7,19.03,59.92,1.42	9.02,17.29,59.4,0	0.32,-1.74,-0.52,-1.42	43,94,296,7	12,23,79,0	0.734129767462526	no change
ENSG00000154734.16	ENSG00000154734	0.0914368650217708	0.16347593534692	Last_exon_tandem_APA	chr21	-	ADAMTS1	protein_coding	3	26836287,26836413,26837011	111,10,8	77.08,6.94,5.56	69.81,15.09,3.77	81.32,2.2,6.59	11.51,-12.89,2.82	37,8,2	74,2,6	0.3304300820842	no change
ENSG00000197381.18	ENSG00000197381	0.135326086956522	0.0727300201925628	Mixed_APA	chr21	+	ADARB1	protein_coding	6	45147339,45178047,45222582,45223286,45224246,45226560	4,3,32,7,5,111	2.23,1.68,17.88,3.91,2.79,62.01	3.12,3.12,14.06,4.69,4.69,54.69	1.74,0.87,20,3.48,1.74,66.09	-1.38,-2.25,5.94,-1.21,-2.95,11.4	2,2,9,3,3,35	2,1,23,4,2,76	0.197410054808385	no change
ENSG00000159110.22	ENSG00000159110	0.12944099378882	0.132570998842228	Mixed_APA	chr21	+	IFNAR2	protein_coding	3	33252803,33262757,33265664	17,183,44	6.37,68.54,16.48	7.43,70.86,13.14	4.35,66.3,22.83	-3.08,-4.56,9.69	13,124,23	4,61,21	0.288586298491458	no change
ENSG00000156273.16	ENSG00000156273	0.0486265951895251	0.615646204951003	Mixed_APA	chr21	+	BACH1	protein_coding	7	29329693,29344975,29345842,29345903,29345989,29346148,29630751	7,7,25,8,124,215,6	1.7,1.7,6.08,1.95,30.17,52.31,1.46	0.93,1.87,6.07,2.34,30.84,47.2,0.93	2.54,1.52,7.11,1.52,27.92,52.28,2.03	1.61,-0.35,1.04,-0.82,-2.92,5.08,1.1	2,4,13,5,66,101,2	5,3,14,3,55,103,4	0.788408967158865	no change
ENSG00000156239.12	ENSG00000156239	0.137022054025838	0.0983279999189269	Last_exon_tandem_APA	chr21	-	N6AMT1	protein_coding	7	28871223,28872191,28873256,28874645,28876155,28876195,28876261	6,51,5,26,52,15,5	3.41,28.98,2.84,14.77,29.55,8.52,2.84	4.12,22.68,5.15,16.49,26.8,11.34,2.06	2.53,36.71,0,12.66,29.11,5.06,3.8	-1.59,14.03,-5.15,-3.83,2.31,-6.28,1.74	4,22,5,16,26,11,2	2,29,0,10,23,4,3	0.233528999807451	no change
ENSG00000185658.14	ENSG00000185658	-0.376809241046576	0	Mixed_APA	chr21	-	BRWD1	protein_coding	11	39184176,39185482,39185893,39192419,39193819,39195580,39196120,39296439,39296483,39296775,39298077	53,27,51,54,22,30,15,196,35,57,17	7.31,3.72,7.03,7.45,3.03,4.14,2.07,27.03,4.83,7.86,2.34	7.57,7.26,11.04,11.36,5.68,7.89,3.47,12.93,3.15,4.73,1.58	8.09,2.45,5.64,5.39,1.96,2.45,1.23,39.22,7.84,11.76,3.43	0.52,-4.81,-5.4,-5.97,-3.72,-5.44,-2.24,26.29,4.69,7.03,1.85	24,23,35,36,18,25,11,41,10,15,5	33,10,23,22,8,10,5,160,32,48,14	0	shorter
ENSG00000185917.14	ENSG00000185917	0.0547706339980327	0.65487810374767	Mixed_APA	chr21	-	SETD4	protein_coding	6	36034541,36034943,36035783,36042411,36043581,36043684	127,6,4,4,4,148	40.06,1.89,1.26,1.26,1.26,46.69	38.39,1.9,0.95,1.9,1.42,46.92	43.4,1.89,1.89,0,0.94,46.23	5.01,-0.01,0.94,-1.9,-0.48,-0.69	81,4,2,4,3,99	46,2,2,0,1,49	0.795516072277225	no change
ENSG00000182240.16	ENSG00000182240	-0.0835707502374169	0.34223087153383	Mixed_APA	chr21	+	BACE2	protein_coding	5	41211444,41275860,41275947,41276589,41282530	3,28,9,53,15	2.5,23.33,7.5,44.17,12.5	3.7,25.93,4.94,44.44,14.81	0,17.95,12.82,51.28,7.69	-3.7,-7.98,7.88,6.84,-7.12	3,21,4,36,12	0,7,5,20,3	0.55104970840193	no change
ENSG00000156256.15	ENSG00000156256	0.0228219696969697	0.892789887297908	Last_exon_tandem_APA	chr21	+	USP16	protein_coding	2	29054290,29054488	12,456	2.47,94.02	3.12,92.81	1.21,94.55	-1.91,1.74	10,297	2,156	0.948870722515079	no change
ENSG00000160199.15	ENSG00000160199	0.13604905293832	0.133661022459202	Last_exon_tandem_APA	chr21	+	PKNOX1	protein_coding	6	43030189,43030715,43030772,43030925,43033577,43034480	37,14,27,42,96,4	12.21,4.62,8.91,13.86,31.68,1.32	13.36,4.74,11.64,15.09,29.31,0.43	9.86,4.23,1.41,9.86,39.44,4.23	-3.5,-0.51,-10.23,-5.23,10.13,3.8	31,11,27,35,68,1	7,3,1,7,28,3	0.288586298491458	no change
ENSG00000182670.14	ENSG00000182670	0.0269985482133658	0.683482580635499	Last_exon_tandem_APA	chr21	+	TTC3	protein_coding	2	37201796,37203104	17,1537	1.04,93.95	1.23,91.1	0.99,92.21	-0.24,1.11	4,297	13,1208	0.801615372350277	no change
ENSG00000160226.16	ENSG00000160226	-0.0237574968617789	0.920732634199949	Mixed_APA	chr21	-	CFAP410	protein_coding	3	44328944,44329891,44335230	48,216,4	16.33,73.47,1.36	15.92,73.89,1.27	16.79,72.99,1.46	0.87,-0.9,0.19	25,116,2	23,100,2	0.948870722515079	no change
ENSG00000280433.2	ENSG00000280433	0.321212121212121	0.000116691789949885	Last_exon_tandem_APA	chr21	-	ENSG00000280433	artifact	6	5155499,5155541,5155774,5156106,5156156,5157002	62,3,36,6,23,6	42.47,2.05,24.66,4.11,15.75,4.11	28.75,1.25,28.75,3.75,23.75,6.25	59.09,3.03,19.7,4.55,6.06,1.52	30.34,1.78,-9.05,0.8,-17.69,-4.73	23,1,23,3,19,5	39,2,13,3,4,1	0.00115817125162931	longer
ENSG00000281181.1	ENSG00000281181	0.231481481481481	0.146760845726193	Last_exon_tandem_APA	chr21	-	ENSG00000281181	lncRNA	10	8392674,8437580,8437645,8437688,8437778,8437841,8437907,8438021,8438067,8438130	3,3,5,3,6,3,5,3,4,3	4.76,4.76,7.94,4.76,9.52,4.76,7.94,4.76,6.35,4.76	8.33,0,2.78,5.56,11.11,5.56,8.33,8.33,13.89,5.56	0,11.11,14.81,3.7,7.41,3.7,11.11,3.7,3.7,7.41	-8.33,11.11,12.03,-1.86,-3.7,-1.86,2.78,-4.63,-10.19,1.85	3,0,1,2,4,2,3,3,5,2	0,3,4,1,2,1,3,1,1,2	0.303093050956269	no change
ENSG00000205758.12	ENSG00000205758	0.164387096774194	0.00567837373088431	Mixed_APA	chr21	-	CRYZL1	protein_coding	11	33589341,33589419,33589466,33589530,33589588,33589661,33589708,33594497,33595266,33595952,33616284	107,10,112,14,35,8,14,18,11,18,19	26.42,2.47,27.65,3.46,8.64,1.98,3.46,4.44,2.72,4.44,4.69	18.06,1.94,29.68,4.52,6.45,1.29,3.87,5.16,6.45,4.52,6.45	31.6,2.8,27.6,2.8,10,2.8,3.6,4,0.4,4.4,3.6	13.54,0.86,-2.08,-1.72,3.55,1.51,-0.27,-1.16,-6.05,-0.12,-2.85	28,3,46,7,10,2,6,8,10,7,10	79,7,69,7,25,7,9,10,1,11,9	0.0283918686544216	longer
ENSG00000198862.14	ENSG00000198862	0.035988308366825	0.807194814447778	Last_exon_tandem_APA	chr21	-	LTN1	protein_coding	4	28927885,28928145,28929800,28930150	8,279,10,7	2.42,84.29,3.02,2.11	1.86,84.47,3.73,1.86	2.94,84.12,2.35,2.35	1.08,-0.35,-1.38,0.49	3,136,6,3	5,143,4,4	0.902158910265163	no change
ENSG00000157617.17	ENSG00000157617	0.107368421052631	0.185482398153345	Mixed_APA	chr21	-	C2CD2	protein_coding	3	41885112,41886173,41949669	85,11,4	75.22,9.73,3.54	73.33,8,5.33	78.95,13.16,0	5.62,5.16,-5.33	55,6,4	30,5,0	0.345506427932702	no change
ENSG00000160216.21	ENSG00000160216	0.580374950139609	0.000000127278563799571	Last_exon_tandem_APA	chr21	+	AGPAT3	protein_coding	6	43983137,43983349,43984673,43984783,43986540,43987140	9,3,35,4,22,42	6.82,2.27,26.52,3.03,16.67,31.82	17.39,0,60.87,4.35,4.35,0	4.59,2.75,19.27,2.75,19.27,38.53	-12.8,2.75,-41.6,-1.6,14.92,38.53	4,0,14,1,1,0	5,3,21,3,21,42	0.00000241829271219185	longer
ENSG00000223768.4	ENSG00000223768	0.155715172474949	0.1043713199638	Mixed_APA	chr21	+	LINC00205	lncRNA	8	45289242,45296598,45296684,45296836,45296877,45297059,45297301,45297354	3,11,6,3,40,26,3,136	1.24,4.55,2.48,1.24,16.53,10.74,1.24,56.2	1.59,7.94,3.17,3.17,22.22,9.52,1.59,46.03	1.12,3.35,2.23,0.56,14.53,11.17,1.12,59.22	-0.47,-4.59,-0.94,-2.61,-7.69,1.65,-0.47,13.19	1,5,2,2,14,6,1,29	2,6,4,1,26,20,2,106	0.241835985281975	no change
ENSG00000183570.17	ENSG00000183570	-0.117274758004468	0.0483397921711484	Mixed_APA	chr21	+	PCBP3	protein_coding	3	45917741,45933646,45942450	3,17,150	1.66,9.39,82.87	0,3.8,81.01	2.94,13.73,77.45	2.94,9.93,-3.56	0,3,64	3,14,79	0.143508758008097	no change
ENSG00000160298.18	ENSG00000160298	0.233834586466165	0.032835404491048	Mixed_APA	chr21	-	C21orf58	protein_coding	10	46300510,46301134,46301306,46321022,46321160,46321427,46321756,46322310,46322416,46323014	5,42,8,11,4,5,4,3,3,9	4.5,37.84,7.21,9.91,3.6,4.5,3.6,2.7,2.7,8.11	5.26,32.89,10.53,7.89,5.26,5.26,5.26,1.32,1.32,11.84	2.86,48.57,0,14.29,0,2.86,0,5.71,5.71,0	-2.4,15.68,-10.53,6.4,-5.26,-2.4,-5.26,4.39,4.39,-11.84	4,25,8,6,4,4,4,1,1,9	1,17,0,5,0,1,0,2,2,0	0.119975516409599	no change
ENSG00000184221.13	ENSG00000184221	-0.0384615384615385	0.194113120191444	Last_exon_tandem_APA	chr21	+	OLIG1	protein_coding	2	33072367,33072413	4,128	2.92,93.43	3.39,94.92	2.56,92.31	-0.83,-2.61	2,56	2,72	0.348465029717685	no change
ENSG00000154721.15	ENSG00000154721	0.11993006993007	0.167727269871486	Mixed_APA	chr21	+	JAM2	protein_coding	8	25714524,25714739,25714923,25715364,25715897,25717224,25717508,25717560	4,69,20,3,4,19,4,14	2.61,45.1,13.07,1.96,2.61,12.42,2.61,9.15	3.41,44.32,13.64,0,4.55,12.5,3.41,7.95	1.54,43.08,12.31,4.62,0,18.46,1.54,10.77	-1.87,-1.24,-1.33,4.62,-4.55,5.96,-1.87,2.82	3,39,12,0,4,11,3,7	1,28,8,3,0,12,1,7	0.331960221620649	no change
ENSG00000160305.18	ENSG00000160305	0.0740295637543564	0.49978875831724	Mixed_APA	chr21	+	DIP2A	protein_coding	9	46546306,46547207,46558757,46569638,46569708,46569867,46570015,46571845,46572157	13,16,4,4,145,14,21,3,6	4.94,6.08,1.52,1.52,55.13,5.32,7.98,1.14,2.28	4.72,8.49,1.89,0.94,55.66,1.89,7.55,1.89,3.77	5.1,4.46,2.55,1.91,55.41,7.01,8.28,0.64,1.27	0.38,-4.03,0.66,0.97,-0.25,5.12,0.73,-1.25,-2.5	5,9,2,1,59,2,8,2,4	8,7,4,3,87,11,13,1,2	0.730460492925196	no change
ENSG00000185437.16	ENSG00000185437	0.0516787360105332	0.298789205550509	Last_exon_tandem_APA	chr21	+	SH3BGR	protein_coding	2	39515446,39515504	5,100	4.5,90.09	4.84,88.71	4.08,93.88	-0.76,5.17	3,55	2,46	0.497982009250849	no change
ENSG00000275993.4	ENSG00000275993	0.127401415571284	0.0564545637632639	Last_exon_tandem_APA	chr21	+	ENSG00000275993	artifact	2	6123705,6123746	8,77	8.99,86.52	13.04,80.43	4.65,93.02	-8.39,12.59	6,37	2,40	0.162520713863941	no change
