gene_id	chrom	strand	gene_name	PAS	/Library/Frameworks/R.framework/Versions/4.2/Resources/library/LRAPA/extdata/D0/rep1 PAU	/Library/Frameworks/R.framework/Versions/4.2/Resources/library/LRAPA/extdata/D0/rep1 reads	/Library/Frameworks/R.framework/Versions/4.2/Resources/library/LRAPA/extdata/D0/rep2 PAU	/Library/Frameworks/R.framework/Versions/4.2/Resources/library/LRAPA/extdata/D0/rep2 reads	/Library/Frameworks/R.framework/Versions/4.2/Resources/library/LRAPA/extdata/D0/rep3 PAU	/Library/Frameworks/R.framework/Versions/4.2/Resources/library/LRAPA/extdata/D0/rep3 reads	/Library/Frameworks/R.framework/Versions/4.2/Resources/library/LRAPA/extdata/D7/rep1 PAU	/Library/Frameworks/R.framework/Versions/4.2/Resources/library/LRAPA/extdata/D7/rep1 reads	/Library/Frameworks/R.framework/Versions/4.2/Resources/library/LRAPA/extdata/D7/rep2 PAU	/Library/Frameworks/R.framework/Versions/4.2/Resources/library/LRAPA/extdata/D7/rep2 reads	/Library/Frameworks/R.framework/Versions/4.2/Resources/library/LRAPA/extdata/D7/rep3 PAU	/Library/Frameworks/R.framework/Versions/4.2/Resources/library/LRAPA/extdata/D7/rep3 reads
ENSG00000141956.14	chr21	-	PRDM15	41798225	75	33	75	9	40.91	9	100	6	84.62	11	72.73	8
ENSG00000141956.14	chr21	-	PRDM15	41799121	11.36	5	0	0	13.64	3	0	0	7.69	1	9.09	1
ENSG00000141959.17	chr21	+	PFKL	44327371	97.95	335	92.91	131	91.07	265	94.87	74	96.45	190	93.46	100
ENSG00000142149.9	chr21	+	HUNK	32002004	92.11	35	94.44	17	100	27	96	24	94.12	64	94.59	35
ENSG00000142156.16	chr21	+	COL6A1	46004102	7.91	31	4.44	8	5.65	16	5.44	13	3.88	22	5.47	18
ENSG00000142156.16	chr21	+	COL6A1	46005048	88.01	345	80.56	145	84.45	239	89.12	213	93.65	531	82.37	271
ENSG00000142166.15	chr21	+	IFNAR1	33349075	4.17	3	0	0	1.27	1	5.88	2	6.45	8	1.82	1
ENSG00000142166.15	chr21	+	IFNAR1	33356000	2.78	2	3.33	1	3.8	3	0	0	0.81	1	1.82	1
ENSG00000142166.15	chr21	+	IFNAR1	33356041	80.56	58	83.33	25	84.81	67	38.24	13	54.03	67	54.55	30
ENSG00000142166.15	chr21	+	IFNAR1	33356550	2.78	2	0	0	1.27	1	14.71	5	3.23	4	3.64	2
ENSG00000142166.15	chr21	+	IFNAR1	33359141	0	0	0	0	2.53	2	5.88	2	4.03	5	7.27	4
ENSG00000142166.15	chr21	+	IFNAR1	33359304	2.78	2	3.33	1	0	0	11.76	4	5.65	7	5.45	3
ENSG00000142166.15	chr21	+	IFNAR1	33359823	0	0	3.33	1	1.27	1	17.65	6	7.26	9	5.45	3
ENSG00000142166.15	chr21	+	IFNAR1	33361968	0	0	0	0	0	0	2.94	1	7.26	9	0	0
ENSG00000142168.15	chr21	+	SOD1	31668677	74.92	1425	64.1	500	65.09	990	71.48	386	73.97	901	61.9	333
ENSG00000142168.15	chr21	+	SOD1	31668858	2	38	1.79	14	1.97	30	1.48	8	1.31	16	2.04	11
ENSG00000142168.15	chr21	+	SOD1	31668926	18.72	356	17.69	138	19.46	296	23.15	125	21.26	259	20.63	111
ENSG00000142173.17	chr21	+	COL6A2	46129800	11.11	27	11.63	10	9.2	15	8.57	3	16.48	15	14.71	5
ENSG00000142173.17	chr21	+	COL6A2	46132848	85.6	208	82.56	71	86.5	141	88.57	31	80.22	73	79.41	27
ENSG00000142188.17	chr21	-	TMEM50B	33432486	43.14	22	25	7	20.93	9	34.48	20	33.11	49	32.88	24
ENSG00000142188.17	chr21	-	TMEM50B	33449010	0	0	0	0	4.65	2	0	0	2.03	3	0	0
ENSG00000142188.17	chr21	-	TMEM50B	33449141	23.53	12	35.71	10	27.91	12	41.38	24	41.89	62	43.84	32
ENSG00000142188.17	chr21	-	TMEM50B	33449893	5.88	3	3.57	1	2.33	1	0	0	0.68	1	0	0
ENSG00000142188.17	chr21	-	TMEM50B	33450600	13.73	7	10.71	3	27.91	12	15.52	9	12.84	19	15.07	11
ENSG00000142188.17	chr21	-	TMEM50B	33450701	9.8	5	17.86	5	13.95	6	3.45	2	5.41	8	5.48	4
ENSG00000142192.22	chr21	-	APP	25880553	31.24	329	36.3	204	33.1	335	32.35	351	30.83	781	30.62	433
ENSG00000142192.22	chr21	-	APP	25880806	63.15	665	56.76	319	58.1	588	62.3	676	65.73	1665	62.45	883
ENSG00000142197.13	chr21	+	DOP1B	36294122	40	8	40	2	25	2	47.06	8	32.2	19	20.69	6
ENSG00000142197.13	chr21	+	DOP1B	36294169	10	2	0	0	0	0	0	0	22.03	13	24.14	7
ENSG00000142197.13	chr21	+	DOP1B	36294274	35	7	40	2	25	2	47.06	8	40.68	24	51.72	15
ENSG00000142207.7	chr21	-	URB1	32311018	8.63	12	3.03	2	5.26	7	6.06	2	5.06	4	11.63	5
ENSG00000142207.7	chr21	-	URB1	32313466	7.19	10	9.09	6	12.03	16	18.18	6	13.92	11	25.58	11
ENSG00000142207.7	chr21	-	URB1	32313584	2.16	3	4.55	3	3.01	4	3.03	1	5.06	4	4.65	2
ENSG00000142207.7	chr21	-	URB1	32313965	7.91	11	7.58	5	4.51	6	9.09	3	1.27	1	0	0
ENSG00000142207.7	chr21	-	URB1	32314044	60.43	84	62.12	41	51.88	69	54.55	18	62.03	49	41.86	18
ENSG00000142207.7	chr21	-	URB1	32314154	8.63	12	4.55	3	9.02	12	3.03	1	6.33	5	11.63	5
ENSG00000154639.19	chr21	+	CXADR	17567760	5.7	46	7.08	25	5.45	37	3.27	10	1.63	15	1.46	7
ENSG00000154639.19	chr21	+	CXADR	17570098	83.89	677	82.72	292	81.15	551	91.5	280	93.79	861	92.68	443
ENSG00000154639.19	chr21	+	CXADR	17593910	2.23	18	2.27	8	1.77	12	0.65	2	1.09	10	1.05	5
ENSG00000154640.15	chr21	-	BTG3	17593653	96.33	105	94.23	49	95.56	86	91.55	65	96.34	158	86.36	57
ENSG00000154642.11	chr21	-	C21orf91	17788974	65.32	81	55.1	27	65.85	54	81.82	18	76.92	40	84.21	32
ENSG00000154642.11	chr21	-	C21orf91	17789742	0	0	2.04	1	3.66	3	0	0	1.92	1	0	0
ENSG00000154642.11	chr21	-	C21orf91	17792804	4.84	6	8.16	4	4.88	4	4.55	1	3.85	2	2.63	1
ENSG00000154642.11	chr21	-	C21orf91	17793252	18.55	23	26.53	13	18.29	15	4.55	1	9.62	5	2.63	1
ENSG00000154719.14	chr21	-	MRPL39	25585656	97.16	411	95.27	161	95.24	300	96.59	85	98.11	156	93.67	74
ENSG00000154721.15	chr21	+	JAM2	25714524	0	0	21.43	3	0	0	0	0	3.12	1	0	0
ENSG00000154721.15	chr21	+	JAM2	25714739	50	18	35.71	5	42.11	16	47.37	9	40.62	13	42.86	6
ENSG00000154721.15	chr21	+	JAM2	25714923	13.89	5	7.14	1	15.79	6	15.79	3	9.38	3	14.29	2
ENSG00000154721.15	chr21	+	JAM2	25715364	0	0	0	0	0	0	15.79	3	0	0	0	0
ENSG00000154721.15	chr21	+	JAM2	25715897	8.33	3	0	0	2.63	1	0	0	0	0	0	0
ENSG00000154721.15	chr21	+	JAM2	25717224	13.89	5	21.43	3	7.89	3	10.53	2	25	8	14.29	2
ENSG00000154721.15	chr21	+	JAM2	25717508	0	0	7.14	1	5.26	2	0	0	3.12	1	0	0
ENSG00000154721.15	chr21	+	JAM2	25717560	2.78	1	0	0	15.79	6	5.26	1	9.38	3	21.43	3
ENSG00000154723.13	chr21	-	ATP5PF	25724500	56.67	905	53.26	351	57.19	660	61.83	311	65.79	779	61.78	320
ENSG00000154723.13	chr21	-	ATP5PF	25724545	41.83	668	43.25	285	39.08	451	36.38	183	32.52	385	36.1	187
ENSG00000154727.11	chr21	+	GABPA	25769384	2.13	2	4.69	3	4.49	4	4.17	1	0	0	4	1
ENSG00000154727.11	chr21	+	GABPA	25769586	1.06	1	3.12	2	2.25	2	4.17	1	4	2	4	1
ENSG00000154727.11	chr21	+	GABPA	25769746	4.26	4	0	0	2.25	2	0	0	0	0	0	0
ENSG00000154727.11	chr21	+	GABPA	25769988	4.26	4	3.12	2	4.49	4	0	0	0	0	4	1
ENSG00000154727.11	chr21	+	GABPA	25770067	6.38	6	7.81	5	5.62	5	4.17	1	10	5	0	0
ENSG00000154727.11	chr21	+	GABPA	25772460	79.79	75	78.12	50	77.53	69	87.5	21	84	42	84	21
ENSG00000154734.16	chr21	-	ADAMTS1	26836287	68.18	15	76.92	10	66.67	12	73.33	11	84.78	39	80	24
ENSG00000154734.16	chr21	-	ADAMTS1	26836413	13.64	3	0	0	27.78	5	6.67	1	2.17	1	0	0
ENSG00000154734.16	chr21	-	ADAMTS1	26837011	9.09	2	0	0	0	0	13.33	2	2.17	1	10	3
ENSG00000155304.6	chr21	-	HSPA13	14371115	81.13	172	72.65	85	70.39	126	84.24	171	88.06	435	83.7	190
ENSG00000155304.6	chr21	-	HSPA13	14372798	7.08	15	12.82	15	12.29	22	5.91	12	3.44	17	5.29	12
ENSG00000155304.6	chr21	-	HSPA13	14372839	6.13	13	9.4	11	10.61	19	3.94	8	4.25	21	5.29	12
ENSG00000155313.16	chr21	+	USP25	15878666	3.42	5	3.64	2	0.75	1	0	0	0	0	0	0
ENSG00000155313.16	chr21	+	USP25	15878907	60.96	89	65.45	36	59.4	79	71.43	15	60.66	37	51.16	22
ENSG00000155313.16	chr21	+	USP25	15879712	18.49	27	14.55	8	18.8	25	9.52	2	24.59	15	16.28	7
ENSG00000155313.16	chr21	+	USP25	15880001	1.37	2	0	0	0.75	1	0	0	3.28	2	0	0
ENSG00000155313.16	chr21	+	USP25	15880064	10.27	15	5.45	3	6.02	8	19.05	4	11.48	7	6.98	3
ENSG00000156239.12	chr21	-	N6AMT1	28871223	6.25	3	5.56	1	0	0	5.56	1	2.33	1	0	0
ENSG00000156239.12	chr21	-	N6AMT1	28872191	18.75	9	22.22	4	29.03	9	16.67	3	39.53	17	50	9
ENSG00000156239.12	chr21	-	N6AMT1	28873256	6.25	3	5.56	1	3.23	1	0	0	0	0	0	0
ENSG00000156239.12	chr21	-	N6AMT1	28874645	16.67	8	16.67	3	16.13	5	16.67	3	9.3	4	16.67	3
ENSG00000156239.12	chr21	-	N6AMT1	28876155	31.25	15	22.22	4	22.58	7	27.78	5	37.21	16	11.11	2
ENSG00000156239.12	chr21	-	N6AMT1	28876195	16.67	8	0	0	12.9	4	11.11	2	6.98	3	0	0
ENSG00000156239.12	chr21	-	N6AMT1	28876261	0	0	5.56	1	3.23	1	11.11	2	2.33	1	0	0
ENSG00000156253.7	chr21	-	RWDD2B	29003725	0	0	4.35	1	0	0	12.5	2	0	0	0	0
ENSG00000156253.7	chr21	-	RWDD2B	29004778	1.56	1	0	0	0	0	12.5	2	16.13	5	0	0
ENSG00000156253.7	chr21	-	RWDD2B	29005759	82.81	53	82.61	19	76.92	30	43.75	7	54.84	17	75	9
ENSG00000156253.7	chr21	-	RWDD2B	29006150	0	0	0	0	2.56	1	0	0	3.23	1	8.33	1
ENSG00000156253.7	chr21	-	RWDD2B	29006211	7.81	5	8.7	2	0	0	6.25	1	9.68	3	8.33	1
ENSG00000156253.7	chr21	-	RWDD2B	29008172	1.56	1	4.35	1	0	0	6.25	1	0	0	0	0
ENSG00000156256.15	chr21	+	USP16	29054290	2.7	4	2.08	1	4.03	5	6.25	2	0	0	0	0
ENSG00000156256.15	chr21	+	USP16	29054488	93.24	138	93.75	45	91.94	114	90.62	29	97.75	87	90.91	40
ENSG00000156261.13	chr21	-	CCT8	29056326	97.07	2218	91.66	978	90.57	1729	97.67	419	97.42	1095	92.97	463
ENSG00000156261.13	chr21	-	CCT8	29056375	0.74	17	5.53	59	7.12	136	0.93	4	0.27	3	4.42	22
ENSG00000156273.16	chr21	+	BACH1	29329693	1.12	1	0	0	1.27	1	2.44	1	2.83	3	2	1
ENSG00000156273.16	chr21	+	BACH1	29344975	2.25	2	0	0	2.53	2	2.44	1	1.89	2	0	0
ENSG00000156273.16	chr21	+	BACH1	29345842	5.62	5	4.35	2	7.59	6	4.88	2	8.49	9	6	3
ENSG00000156273.16	chr21	+	BACH1	29345903	3.37	3	2.17	1	1.27	1	2.44	1	0	0	4	2
ENSG00000156273.16	chr21	+	BACH1	29345989	26.97	24	34.78	16	32.91	26	36.59	15	27.36	29	22	11
ENSG00000156273.16	chr21	+	BACH1	29346148	50.56	45	50	23	41.77	33	48.78	20	52.83	56	54	27
ENSG00000156273.16	chr21	+	BACH1	29630751	1.12	1	0	0	1.27	1	2.44	1	1.89	2	2	1
ENSG00000156299.15	chr21	-	TIAM1	31118418	91.67	44	95.45	21	70	28	89.47	17	93.75	45	97.37	37
ENSG00000156299.15	chr21	-	TIAM1	31120081	2.08	1	0	0	10	4	5.26	1	6.25	3	0	0
ENSG00000156304.15	chr21	-	SCAF4	31666728	0.4	1	0	0	0	0	7.69	3	4.72	6	1.82	1
ENSG00000156304.15	chr21	-	SCAF4	31670799	0.79	2	0.88	1	1.96	4	0	0	0	0	1.82	1
ENSG00000156304.15	chr21	-	SCAF4	31671033	75.1	190	81.58	93	78.92	161	61.54	24	79.53	101	85.45	47
ENSG00000156304.15	chr21	-	SCAF4	31671142	2.77	7	5.26	6	2.45	5	7.69	3	0	0	5.45	3
ENSG00000156304.15	chr21	-	SCAF4	31671183	7.91	20	3.51	4	6.37	13	2.56	1	3.15	4	3.64	2
ENSG00000156304.15	chr21	-	SCAF4	31681365	2.37	6	0.88	1	1.96	4	7.69	3	3.94	5	0	0
ENSG00000156304.15	chr21	-	SCAF4	31684010	1.19	3	0.88	1	1.47	3	5.13	2	0.79	1	0	0
ENSG00000156304.15	chr21	-	SCAF4	31684781	0.79	2	0.88	1	0	0	2.56	1	3.15	4	0	0
ENSG00000157538.14	chr21	-	VPS26C	37221755	0.9	2	1.03	1	1.92	4	0	0	5.66	6	6.82	3
ENSG00000157538.14	chr21	-	VPS26C	37223422	58.56	130	56.7	55	63.46	132	61.36	27	66.04	70	68.18	30
ENSG00000157538.14	chr21	-	VPS26C	37223679	2.7	6	6.19	6	4.81	10	0	0	2.83	3	2.27	1
ENSG00000157538.14	chr21	-	VPS26C	37225221	2.25	5	2.06	2	2.88	6	6.82	3	2.83	3	4.55	2
ENSG00000157538.14	chr21	-	VPS26C	37225284	4.95	11	5.15	5	0.96	2	0	0	2.83	3	2.27	1
ENSG00000157538.14	chr21	-	VPS26C	37225400	6.76	15	6.19	6	5.77	12	2.27	1	5.66	6	4.55	2
ENSG00000157538.14	chr21	-	VPS26C	37261082	19.37	43	10.31	10	12.5	26	18.18	8	7.55	8	2.27	1
ENSG00000157540.22	chr21	+	DYRK1A	37514759	2.5	2	3.39	2	0	0	0	0	2.56	1	2.44	1
ENSG00000157540.22	chr21	+	DYRK1A	37515170	76.25	61	81.36	48	82.11	78	60	6	51.28	20	65.85	27
ENSG00000157540.22	chr21	+	DYRK1A	37515249	2.5	2	5.08	3	2.11	2	20	2	15.38	6	4.88	2
ENSG00000157540.22	chr21	+	DYRK1A	37515377	11.25	9	3.39	2	11.58	11	0	0	20.51	8	19.51	8
ENSG00000157557.13	chr21	+	ETS2	38823453	9.84	12	11.67	7	14.84	19	5.56	4	10.49	17	13.04	12
ENSG00000157557.13	chr21	+	ETS2	38823801	40.16	49	45	27	43.75	56	38.89	28	38.27	62	36.96	34
ENSG00000157557.13	chr21	+	ETS2	38824902	9.02	11	0	0	7.81	10	1.39	1	4.32	7	5.43	5
ENSG00000157557.13	chr21	+	ETS2	38824955	36.07	44	40	24	28.12	36	48.61	35	46.91	76	40.22	37
ENSG00000157617.17	chr21	-	C2CD2	41885112	81.48	22	57.89	11	75.86	22	70	7	75	12	91.67	11
ENSG00000157617.17	chr21	-	C2CD2	41886173	3.7	1	10.53	2	10.34	3	20	2	12.5	2	8.33	1
ENSG00000157617.17	chr21	-	C2CD2	41949669	7.41	2	5.26	1	3.45	1	0	0	0	0	0	0
ENSG00000159055.4	chr21	-	MIS18A	32268228	96.44	460	90.4	179	89.04	325	87.88	29	100	73	88.89	40
ENSG00000159079.19	chr21	-	CFAP298	32600133	1.2	11	0.8	3	1.4	10	2.3	2	3	7	2.17	2
ENSG00000159079.19	chr21	-	CFAP298	32601667	95.95	877	94.67	355	94.11	671	91.95	80	91.85	214	95.65	88
ENSG00000159086.15	chr21	-	PAXBP1	32733899	69.74	106	68.09	32	73.33	88	80.65	50	79.07	102	77.27	51
ENSG00000159086.15	chr21	-	PAXBP1	32734096	0.66	1	2.13	1	1.67	2	0	0	1.55	2	0	0
ENSG00000159086.15	chr21	-	PAXBP1	32734250	3.29	5	2.13	1	0.83	1	0	0	2.33	3	4.55	3
ENSG00000159086.15	chr21	-	PAXBP1	32734824	3.95	6	6.38	3	4.17	5	6.45	4	5.43	7	0	0
ENSG00000159086.15	chr21	-	PAXBP1	32741339	14.47	22	6.38	3	8.33	10	6.45	4	8.53	11	1.52	1
ENSG00000159110.22	chr21	+	IFNAR2	33252803	6.25	5	2.78	1	11.86	7	0	0	5	3	5.56	1
ENSG00000159110.22	chr21	+	IFNAR2	33262757	76.25	61	75	27	61.02	36	71.43	10	65	39	66.67	12
ENSG00000159110.22	chr21	+	IFNAR2	33265664	12.5	10	16.67	6	11.86	7	14.29	2	25	15	22.22	4
ENSG00000159128.16	chr21	+	IFNGR2	33427036	2.6	4	0	0	1.74	2	3.85	2	2.22	3	0	0
ENSG00000159128.16	chr21	+	IFNGR2	33434546	1.95	3	0	0	0	0	3.85	2	0	0	2.27	1
ENSG00000159128.16	chr21	+	IFNGR2	33437464	0	0	1.47	1	2.61	3	1.92	1	0.74	1	0	0
ENSG00000159128.16	chr21	+	IFNGR2	33437516	88.31	136	88.24	60	86.09	99	84.62	44	89.63	121	88.64	39
ENSG00000159131.17	chr21	-	GART	33498518	1.1	8	0.34	1	1.18	7	4.88	4	6.43	16	4.95	5
ENSG00000159131.17	chr21	-	GART	33503184	12.67	92	8.9	26	9.98	59	14.63	12	21.29	53	16.83	17
ENSG00000159131.17	chr21	-	GART	33503962	31.68	230	33.22	97	35.87	212	23.17	19	22.89	57	23.76	24
ENSG00000159131.17	chr21	-	GART	33504014	0.69	5	1.03	3	1.86	11	1.22	1	1.2	3	2.97	3
ENSG00000159131.17	chr21	-	GART	33524009	35.67	259	21.23	62	18.1	107	40.24	33	34.14	85	26.73	27
ENSG00000159140.23	chr21	+	SON	33559062	13.56	99	9.63	31	14.06	81	18.56	36	20.04	106	18.84	52
ENSG00000159140.23	chr21	+	SON	33560662	8.9	65	9.32	30	7.64	44	6.7	13	9.26	49	7.97	22
ENSG00000159140.23	chr21	+	SON	33577350	14.66	107	9.94	32	12.67	73	10.31	20	11.34	60	10.14	28
ENSG00000159140.23	chr21	+	SON	33577481	53.56	391	61.49	198	53.47	308	50.52	98	50.66	268	52.9	146
ENSG00000159147.18	chr21	-	DONSON	33577471	9.09	20	3.03	3	11.43	20	7.69	2	10.67	8	6.25	2
ENSG00000159147.18	chr21	-	DONSON	33577557	19.55	43	18.18	18	18.86	33	19.23	5	18.67	14	12.5	4
ENSG00000159147.18	chr21	-	DONSON	33577905	58.64	129	59.6	59	61.71	108	61.54	16	57.33	43	62.5	20
ENSG00000159147.18	chr21	-	DONSON	33578190	2.73	6	0	0	0.57	1	0	0	0	0	0	0
ENSG00000159200.18	chr21	-	RCAN1	34516442	2.7	1	10	2	0	0	2.7	2	1.64	3	3.26	3
ENSG00000159200.18	chr21	-	RCAN1	34516484	86.49	32	85	17	81.58	31	91.89	68	91.26	167	83.7	77
ENSG00000159200.18	chr21	-	RCAN1	34516668	2.7	1	0	0	10.53	4	2.7	2	4.92	9	7.61	7
ENSG00000159228.13	chr21	+	CBR1	36072985	1.45	5	1.49	2	0.77	2	0	0	0	0	0	0
ENSG00000159228.13	chr21	+	CBR1	36073164	95.66	331	97.01	130	95.37	247	94.74	18	97.78	44	88.89	16
ENSG00000159256.13	chr21	+	MORC3	36376528	12.5	7	25	7	13.33	4	9.38	3	22.89	19	16.67	8
ENSG00000159256.13	chr21	+	MORC3	36376591	1.79	1	3.57	1	3.33	1	0	0	0	0	2.08	1
ENSG00000159256.13	chr21	+	MORC3	36376632	76.79	43	60.71	17	66.67	20	78.12	25	73.49	61	66.67	32
ENSG00000159256.13	chr21	+	MORC3	36377200	1.79	1	0	0	0	0	3.12	1	0	0	2.08	1
ENSG00000159256.13	chr21	+	MORC3	36378823	1.79	1	0	0	0	0	3.12	1	0	0	2.08	1
ENSG00000159256.13	chr21	+	MORC3	36378884	1.79	1	3.57	1	0	0	3.12	1	2.41	2	4.17	2
ENSG00000159259.8	chr21	+	CHAF1B	36398723	5.85	10	1.41	1	3.18	5	0	0	2.63	1	5.88	1
ENSG00000159259.8	chr21	+	CHAF1B	36416785	2.92	5	2.82	2	2.55	4	0	0	0	0	0	0
ENSG00000159259.8	chr21	+	CHAF1B	36416827	72.51	124	77.46	55	70.7	111	64.29	9	78.95	30	88.24	15
ENSG00000159259.8	chr21	+	CHAF1B	36419015	16.96	29	15.49	11	20.38	32	35.71	5	10.53	4	5.88	1
ENSG00000159267.17	chr21	-	HLCS	36748607	6.67	2	0	0	0	0	15	3	23.26	10	24.24	8
ENSG00000159267.17	chr21	-	HLCS	36750888	3.33	1	0	0	5.26	2	5	1	0	0	3.03	1
ENSG00000159267.17	chr21	-	HLCS	36751066	3.33	1	0	0	2.63	1	0	0	4.65	2	0	0
ENSG00000159267.17	chr21	-	HLCS	36751192	30	9	35.29	6	36.84	14	45	9	39.53	17	42.42	14
ENSG00000159267.17	chr21	-	HLCS	36751272	3.33	1	5.88	1	2.63	1	0	0	0	0	3.03	1
ENSG00000159267.17	chr21	-	HLCS	36752050	10	3	17.65	3	15.79	6	5	1	9.3	4	12.12	4
ENSG00000159267.17	chr21	-	HLCS	36752702	3.33	1	5.88	1	13.16	5	0	0	9.3	4	3.03	1
ENSG00000159267.17	chr21	-	HLCS	36753766	13.33	4	5.88	1	7.89	3	10	2	2.33	1	0	0
ENSG00000159267.17	chr21	-	HLCS	36754155	6.67	2	5.88	1	7.89	3	0	0	0	0	0	0
ENSG00000159267.17	chr21	-	HLCS	36854788	0	0	5.88	1	2.63	1	0	0	6.98	3	0	0
ENSG00000160190.14	chr21	+	SLC37A1	42575949	2.17	2	6.52	3	5.19	4	0	0	0	0	0	0
ENSG00000160190.14	chr21	+	SLC37A1	42581339	2.17	2	4.35	2	1.3	1	2.08	1	7.09	9	0	0
ENSG00000160190.14	chr21	+	SLC37A1	42581385	1.09	1	2.17	1	0	0	0	0	0.79	1	3.92	2
ENSG00000160190.14	chr21	+	SLC37A1	42581426	92.39	85	86.96	40	90.91	70	95.83	46	90.55	115	94.12	48
ENSG00000160191.18	chr21	+	PDE9A	42701191	5.85	10	5.97	4	6.19	7	4	1	0	0	3.85	1
ENSG00000160191.18	chr21	+	PDE9A	42775440	3.51	6	7.46	5	8.85	10	12	3	4.08	2	3.85	1
ENSG00000160191.18	chr21	+	PDE9A	42775509	83.63	143	70.15	47	73.45	83	72	18	85.71	42	80.77	21
ENSG00000160193.12	chr21	-	WDR4	42842997	0.94	2	3.26	3	3.24	6	0	0	0	0	0	0
ENSG00000160193.12	chr21	-	WDR4	42843094	69.81	148	69.57	64	68.11	126	55.56	5	74.29	26	78.57	11
ENSG00000160193.12	chr21	-	WDR4	42847663	9.43	20	6.52	6	10.27	19	0	0	0	0	0	0
ENSG00000160193.12	chr21	-	WDR4	42848101	3.3	7	2.17	2	1.08	2	11.11	1	2.86	1	0	0
ENSG00000160193.12	chr21	-	WDR4	42849226	3.77	8	4.35	4	5.41	10	22.22	2	11.43	4	0	0
ENSG00000160194.18	chr21	+	NDUFV3	42883825	2.09	14	2.3	7	2.04	11	1.66	3	3.07	13	3.12	6
ENSG00000160194.18	chr21	+	NDUFV3	42909100	85.1	571	84.21	256	82.37	444	86.19	156	82.08	348	78.65	151
ENSG00000160194.18	chr21	+	NDUFV3	42909670	7.3	49	6.58	20	7.79	42	6.08	11	8.25	35	9.9	19
ENSG00000160194.18	chr21	+	NDUFV3	42911901	2.38	16	1.97	6	1.48	8	3.31	6	1.89	8	2.08	4
ENSG00000160199.15	chr21	+	PKNOX1	43030189	15.62	15	8.51	4	13.48	12	0	0	11.43	4	12.5	3
ENSG00000160199.15	chr21	+	PKNOX1	43030715	6.25	6	6.38	3	2.25	2	0	0	2.86	1	8.33	2
ENSG00000160199.15	chr21	+	PKNOX1	43030772	8.33	8	21.28	10	10.11	9	8.33	1	0	0	0	0
ENSG00000160199.15	chr21	+	PKNOX1	43030925	10.42	10	23.4	11	15.73	14	25	3	5.71	2	8.33	2
ENSG00000160199.15	chr21	+	PKNOX1	43033577	30.21	29	23.4	11	31.46	28	25	3	45.71	16	37.5	9
ENSG00000160199.15	chr21	+	PKNOX1	43034480	1.04	1	0	0	0	0	0	0	8.57	3	0	0
ENSG00000160200.18	chr21	-	CBS	43053191	92.78	630	87.7	221	90.33	439	93.33	28	94.57	87	80	40
ENSG00000160200.18	chr21	-	CBS	43055057	1.47	10	1.98	5	1.44	7	0	0	2.17	2	2	1
ENSG00000160201.12	chr21	-	U2AF1	43092956	99.8	1002	99.75	393	99.38	801	97.76	131	100	293	95.59	130
ENSG00000160208.13	chr21	+	RRP1B	43693451	3.33	14	1.98	4	3.1	13	4.92	3	2.17	3	1.2	1
ENSG00000160208.13	chr21	+	RRP1B	43696079	92.64	390	95.05	192	94.76	398	90.16	55	95.65	132	97.59	81
ENSG00000160209.19	chr21	+	PDXK	43756146	37.19	106	37.24	54	31.4	81	34.04	16	34.17	41	33.82	23
ENSG00000160209.19	chr21	+	PDXK	43756259	13.68	39	9.66	14	10.47	27	19.15	9	12.5	15	8.82	6
ENSG00000160209.19	chr21	+	PDXK	43758947	3.86	11	4.14	6	4.26	11	6.38	3	5.83	7	13.24	9
ENSG00000160209.19	chr21	+	PDXK	43762296	12.98	37	21.38	31	25.58	66	14.89	7	13.33	16	17.65	12
ENSG00000160213.9	chr21	-	CSTB	43772512	0.75	9	0.38	2	0.89	8	2.45	6	2.89	14	2.69	6
ENSG00000160213.9	chr21	-	CSTB	43773697	0.92	11	0.76	4	1.67	15	0.82	2	0.82	4	1.35	3
ENSG00000160213.9	chr21	-	CSTB	43773950	96.16	1152	94.69	499	92.32	830	95.51	234	95.26	462	89.69	200
ENSG00000160214.13	chr21	+	RRP1	43804099	93.95	295	93.04	147	94.98	284	84.78	39	97	97	91.67	44
ENSG00000160214.13	chr21	+	RRP1	43805757	1.59	5	0.63	1	0.67	2	0	0	2	2	4.17	2
ENSG00000160216.21	chr21	+	AGPAT3	43983137	14.29	1	14.29	1	22.22	2	0	0	4.17	2	7.5	3
ENSG00000160216.21	chr21	+	AGPAT3	43983349	0	0	0	0	0	0	0	0	6.25	3	0	0
ENSG00000160216.21	chr21	+	AGPAT3	43984673	71.43	5	85.71	6	33.33	3	4.76	1	20.83	10	25	10
ENSG00000160216.21	chr21	+	AGPAT3	43984783	14.29	1	0	0	0	0	9.52	2	2.08	1	0	0
ENSG00000160216.21	chr21	+	AGPAT3	43986540	0	0	0	0	11.11	1	9.52	2	16.67	8	27.5	11
ENSG00000160216.21	chr21	+	AGPAT3	43987140	0	0	0	0	0	0	57.14	12	41.67	20	25	10
ENSG00000160218.13	chr21	+	TRAPPC10	44059698	3.16	3	10.53	4	7.69	5	11.11	3	6.78	4	3.7	1
ENSG00000160218.13	chr21	+	TRAPPC10	44060258	12.63	12	7.89	3	6.15	4	0	0	3.39	2	3.7	1
ENSG00000160218.13	chr21	+	TRAPPC10	44084502	5.26	5	0	0	4.62	3	0	0	3.39	2	0	0
ENSG00000160218.13	chr21	+	TRAPPC10	44100066	2.11	2	5.26	2	4.62	3	3.7	1	5.08	3	0	0
ENSG00000160218.13	chr21	+	TRAPPC10	44104733	10.53	10	23.68	9	16.92	11	25.93	7	13.56	8	3.7	1
ENSG00000160218.13	chr21	+	TRAPPC10	44105050	25.26	24	13.16	5	16.92	11	18.52	5	15.25	9	25.93	7
ENSG00000160218.13	chr21	+	TRAPPC10	44105686	0	0	0	0	3.08	2	0	0	3.39	2	0	0
ENSG00000160218.13	chr21	+	TRAPPC10	44105896	14.74	14	13.16	5	9.23	6	0	0	15.25	9	11.11	3
ENSG00000160218.13	chr21	+	TRAPPC10	44105946	7.37	7	0	0	3.08	2	0	0	0	0	0	0
ENSG00000160218.13	chr21	+	TRAPPC10	44106277	4.21	4	5.26	2	7.69	5	11.11	3	8.47	5	7.41	2
ENSG00000160218.13	chr21	+	TRAPPC10	44106552	6.32	6	10.53	4	3.08	2	22.22	6	11.86	7	14.81	4
ENSG00000160226.16	chr21	-	CFAP410	44328944	20.55	15	6.9	2	14.55	8	20.69	6	16.67	11	14.29	6
ENSG00000160226.16	chr21	-	CFAP410	44329891	75.34	55	79.31	23	69.09	38	72.41	21	77.27	51	66.67	28
ENSG00000160226.16	chr21	-	CFAP410	44335230	0	0	0	0	3.64	2	0	0	3.03	2	0	0
ENSG00000160256.13	chr21	+	SLX9	44976973	70.98	274	71.98	131	73.53	225	45.95	17	73.33	55	59.09	26
ENSG00000160284.15	chr21	-	SPATC1L	46161160	97.16	377	97.14	136	96.4	241	94.92	56	97.71	128	91.89	68
ENSG00000160285.15	chr21	-	LSS	46188446	4.5	15	7.14	14	2.93	10	8	14	10.35	41	10.92	19
ENSG00000160285.15	chr21	-	LSS	46189131	92.19	307	85.2	167	89.15	304	88	154	85.35	338	81.61	142
ENSG00000160294.11	chr21	-	MCM3AP	46235133	87.39	201	87.76	86	81.73	161	90.77	59	90.8	148	87.06	74
ENSG00000160294.11	chr21	-	MCM3AP	46251515	2.61	6	3.06	3	4.06	8	6.15	4	1.84	3	2.35	2
ENSG00000160298.18	chr21	-	C21orf58	46300510	5.88	2	0	0	6.25	2	11.11	1	0	0	0	0
ENSG00000160298.18	chr21	-	C21orf58	46301134	41.18	14	20	2	28.12	9	55.56	5	46.15	6	53.85	7
ENSG00000160298.18	chr21	-	C21orf58	46301306	14.71	5	0	0	9.38	3	0	0	0	0	0	0
ENSG00000160298.18	chr21	-	C21orf58	46321022	2.94	1	10	1	12.5	4	11.11	1	0	0	30.77	4
ENSG00000160298.18	chr21	-	C21orf58	46321160	2.94	1	0	0	9.38	3	0	0	0	0	0	0
ENSG00000160298.18	chr21	-	C21orf58	46321427	0	0	10	1	6.25	2	0	0	7.69	1	0	0
ENSG00000160298.18	chr21	-	C21orf58	46321756	5.88	2	20	2	0	0	0	0	0	0	0	0
ENSG00000160298.18	chr21	-	C21orf58	46322310	0	0	0	0	3.12	1	0	0	15.38	2	0	0
ENSG00000160298.18	chr21	-	C21orf58	46322416	2.94	1	0	0	0	0	11.11	1	7.69	1	0	0
ENSG00000160298.18	chr21	-	C21orf58	46323014	5.88	2	10	1	18.75	6	0	0	0	0	0	0
ENSG00000160299.19	chr21	+	PCNT	46445743	46.15	36	67.27	37	57.14	44	48.48	16	47.76	32	76.67	23
ENSG00000160305.18	chr21	+	DIP2A	46546306	0	0	7.14	1	8.7	4	4	1	5.75	5	4.44	2
ENSG00000160305.18	chr21	+	DIP2A	46547207	6.52	3	7.14	1	10.87	5	12	3	2.3	2	4.44	2
ENSG00000160305.18	chr21	+	DIP2A	46558757	2.17	1	0	0	2.17	1	8	2	1.15	1	2.22	1
ENSG00000160305.18	chr21	+	DIP2A	46569638	2.17	1	0	0	0	0	4	1	2.3	2	0	0
ENSG00000160305.18	chr21	+	DIP2A	46569708	60.87	28	57.14	8	50	23	48	12	60.92	53	48.89	22
ENSG00000160305.18	chr21	+	DIP2A	46569867	0	0	7.14	1	2.17	1	4	1	8.05	7	6.67	3
ENSG00000160305.18	chr21	+	DIP2A	46570015	10.87	5	14.29	2	2.17	1	4	1	8.05	7	11.11	5
ENSG00000160305.18	chr21	+	DIP2A	46571845	0	0	0	0	4.35	2	0	0	1.15	1	0	0
ENSG00000160305.18	chr21	+	DIP2A	46572157	4.35	2	0	0	4.35	2	0	0	2.3	2	0	0
ENSG00000160310.19	chr21	+	PRMT2	46649888	28	70	37.04	40	32.52	67	13.81	33	12.07	60	13.82	34
ENSG00000160310.19	chr21	+	PRMT2	46653142	2	5	1.85	2	1.94	4	1.26	3	2.01	10	1.22	3
ENSG00000160310.19	chr21	+	PRMT2	46660144	10	25	8.33	9	8.25	17	8.37	20	10.87	54	7.32	18
ENSG00000160310.19	chr21	+	PRMT2	46661270	2	5	4.63	5	5.83	12	5.86	14	9.86	49	4.88	12
ENSG00000160310.19	chr21	+	PRMT2	46664941	40.4	101	33.33	36	32.04	66	52.72	126	53.32	265	48.78	120
ENSG00000160310.19	chr21	+	PRMT2	46665124	1.6	4	0.93	1	0.97	2	2.93	7	1.81	9	2.03	5
ENSG00000160310.19	chr21	+	PRMT2	46665685	1.6	4	4.63	5	4.37	9	2.93	7	3.22	16	5.28	13
ENSG00000166265.13	chr21	-	CYYR1	26466216	30.3	50	40	30	32.68	50	68.42	13	40.48	17	47.62	10
ENSG00000166265.13	chr21	-	CYYR1	26467265	47.88	79	34.67	26	43.14	66	21.05	4	40.48	17	28.57	6
ENSG00000166265.13	chr21	-	CYYR1	26468030	4.85	8	6.67	5	9.15	14	10.53	2	4.76	2	9.52	2
ENSG00000166265.13	chr21	-	CYYR1	26477577	5.45	9	1.33	1	3.92	6	0	0	2.38	1	0	0
ENSG00000166265.13	chr21	-	CYYR1	26566032	6.67	11	2.67	2	1.96	3	0	0	2.38	1	0	0
ENSG00000173276.14	chr21	-	ZBTB21	41986831	23.91	11	40	6	23.33	7	87.5	7	64.71	22	65.22	15
ENSG00000173276.14	chr21	-	ZBTB21	41988230	4.35	2	0	0	0	0	0	0	2.94	1	0	0
ENSG00000173276.14	chr21	-	ZBTB21	41988639	50	23	53.33	8	56.67	17	12.5	1	17.65	6	30.43	7
ENSG00000173276.14	chr21	-	ZBTB21	41990336	2.17	1	6.67	1	6.67	2	0	0	0	0	0	0
ENSG00000173276.14	chr21	-	ZBTB21	41990769	6.52	3	0	0	3.33	1	0	0	5.88	2	0	0
ENSG00000173638.19	chr21	-	SLC19A1	45512233	1.35	3	2.33	2	0	0	2.44	1	1.67	2	1.79	1
ENSG00000173638.19	chr21	-	SLC19A1	45512394	1.35	3	0	0	0	0	4.88	2	0.83	1	3.57	2
ENSG00000173638.19	chr21	-	SLC19A1	45512569	9.91	22	9.3	8	5.81	9	4.88	2	11.67	14	12.5	7
ENSG00000173638.19	chr21	-	SLC19A1	45513724	4.05	9	0	0	2.58	4	2.44	1	5	6	0	0
ENSG00000173638.19	chr21	-	SLC19A1	45513776	12.61	28	3.49	3	9.03	14	9.76	4	16.67	20	12.5	7
ENSG00000173638.19	chr21	-	SLC19A1	45514715	56.31	125	66.28	57	63.87	99	48.78	20	47.5	57	46.43	26
ENSG00000173638.19	chr21	-	SLC19A1	45515134	5.86	13	6.98	6	5.16	8	4.88	2	5	6	5.36	3
ENSG00000180530.11	chr21	-	NRIP1	14961244	92.86	39	86.67	26	94.74	54	93.1	54	91.96	103	94.37	67
ENSG00000180530.11	chr21	-	NRIP1	14961753	7.14	3	3.33	1	0	0	1.72	1	1.79	2	1.41	1
ENSG00000182093.16	chr21	+	GET1	39397700	75	159	80	76	78.77	141	79.31	184	79.28	463	83.45	232
ENSG00000182093.16	chr21	+	GET1	39397750	5.19	11	2.11	2	5.03	9	7.33	17	7.53	44	6.12	17
ENSG00000182093.16	chr21	+	GET1	39397889	9.43	20	11.58	11	10.06	18	7.33	17	7.36	43	5.76	16
ENSG00000182240.16	chr21	+	BACE2	41211444	7.89	3	0	0	0	0	0	0	0	0	0	0
ENSG00000182240.16	chr21	+	BACE2	41275860	15.79	6	23.53	4	42.31	11	11.11	1	21.05	4	18.18	2
ENSG00000182240.16	chr21	+	BACE2	41275947	5.26	2	5.88	1	3.85	1	11.11	1	21.05	4	0	0
ENSG00000182240.16	chr21	+	BACE2	41276589	57.89	22	41.18	7	26.92	7	66.67	6	47.37	9	45.45	5
ENSG00000182240.16	chr21	+	BACE2	41282530	5.26	2	29.41	5	19.23	5	11.11	1	10.53	2	0	0
ENSG00000182362.14	chr21	+	YBEY	46287086	1.09	2	1.43	1	0.86	1	0	0	3.23	3	3.57	1
ENSG00000182362.14	chr21	+	YBEY	46297723	84.7	155	85.71	60	87.93	102	81.25	26	75.27	70	78.57	22
ENSG00000182362.14	chr21	+	YBEY	46313225	1.09	2	0	0	0	0	0	0	2.15	2	7.14	2
ENSG00000182670.14	chr21	+	TTC3	37201796	0.72	1	2.78	2	0.87	1	1.06	3	1.37	9	0.27	1
ENSG00000182670.14	chr21	+	TTC3	37203104	91.37	127	91.67	66	90.43	104	91.9	261	93.92	618	89.4	329
ENSG00000182871.16	chr21	+	COL18A1	45512587	28.39	247	30.3	110	26.94	215	29.86	169	27.84	360	26.04	169
ENSG00000182871.16	chr21	+	COL18A1	45513720	52.64	458	54.55	198	56.39	450	50.18	284	54.52	705	53.47	347
ENSG00000183255.12	chr21	-	PTTG1IP	44849598	93.48	516	90.84	228	90.74	431	93.43	384	94.36	988	92.98	543
ENSG00000183255.12	chr21	-	PTTG1IP	44849872	1.27	7	1.59	4	2.11	10	2.43	10	2.1	22	2.05	12
ENSG00000183527.12	chr21	-	PSMG1	39174714	0.18	1	0.4	1	0.52	2	5.49	5	3.57	7	8.51	8
ENSG00000183527.12	chr21	-	PSMG1	39175458	97.29	538	96.39	240	97.12	371	91.21	83	94.9	186	87.23	82
ENSG00000183570.17	chr21	+	PCBP3	45917741	0	0	0	0	0	0	0	0	5.66	3	0	0
ENSG00000183570.17	chr21	+	PCBP3	45933646	2.78	1	0	0	6.67	2	4.76	1	11.32	6	25	7
ENSG00000183570.17	chr21	+	PCBP3	45942450	80.56	29	92.31	12	76.67	23	90.48	19	77.36	41	67.86	19
ENSG00000184221.13	chr21	+	OLIG1	33072367	4.35	1	14.29	1	0	0	0	0	0	0	11.76	2
ENSG00000184221.13	chr21	+	OLIG1	33072413	91.3	21	85.71	6	100	29	94.74	18	95.24	40	82.35	14
ENSG00000184787.19	chr21	-	UBE2G2	44769046	85.11	240	82.93	102	84.82	190	86.02	80	86.54	180	85.23	75
ENSG00000184787.19	chr21	-	UBE2G2	44769117	4.26	12	4.07	5	4.02	9	2.15	2	5.29	11	1.14	1
ENSG00000184787.19	chr21	-	UBE2G2	44771263	2.13	6	3.25	4	3.57	8	2.15	2	0.96	2	0	0
ENSG00000184787.19	chr21	-	UBE2G2	44799987	2.48	7	0.81	1	2.23	5	3.23	3	3.37	7	1.14	1
ENSG00000184900.16	chr21	-	SUMO3	44805617	78.33	683	64.48	256	73.49	474	78.57	110	79.22	286	71.6	121
ENSG00000184900.16	chr21	-	SUMO3	44805659	1.49	13	8.56	34	9.61	62	0.71	1	0.55	2	10.06	17
ENSG00000184900.16	chr21	-	SUMO3	44805858	10.32	90	14.36	57	7.91	51	7.14	10	10.25	37	13.02	22
ENSG00000184900.16	chr21	-	SUMO3	44806715	5.62	49	7.05	28	5.74	37	7.14	10	5.82	21	2.37	4
ENSG00000185437.16	chr21	+	SH3BGR	39515446	3.45	1	8.33	1	4.76	1	20	2	0	0	0	0
ENSG00000185437.16	chr21	+	SH3BGR	39515504	89.66	26	83.33	10	90.48	19	80	8	96.67	29	100	9
ENSG00000185658.14	chr21	-	BRWD1	39184176	4.76	7	5.45	3	12.17	14	7.61	7	9.29	21	5.56	5
ENSG00000185658.14	chr21	-	BRWD1	39185482	4.08	6	18.18	10	6.09	7	3.26	3	2.65	6	1.11	1
ENSG00000185658.14	chr21	-	BRWD1	39185893	13.61	20	9.09	5	8.7	10	5.43	5	4.87	11	7.78	7
ENSG00000185658.14	chr21	-	BRWD1	39192419	10.88	16	12.73	7	11.3	13	4.35	4	7.08	16	2.22	2
ENSG00000185658.14	chr21	-	BRWD1	39193819	6.8	10	7.27	4	3.48	4	1.09	1	1.77	4	3.33	3
ENSG00000185658.14	chr21	-	BRWD1	39195580	6.8	10	3.64	2	11.3	13	4.35	4	1.77	4	2.22	2
ENSG00000185658.14	chr21	-	BRWD1	39196120	3.4	5	3.64	2	3.48	4	1.09	1	1.33	3	1.11	1
ENSG00000185658.14	chr21	-	BRWD1	39296439	15.65	23	5.45	3	13.04	15	41.3	38	38.5	87	37.78	34
ENSG00000185658.14	chr21	-	BRWD1	39296483	4.76	7	0	0	2.61	3	5.43	5	6.19	14	14.44	13
ENSG00000185658.14	chr21	-	BRWD1	39296775	6.8	10	1.82	1	3.48	4	4.35	4	12.83	29	16.67	15
ENSG00000185658.14	chr21	-	BRWD1	39298077	0.68	1	0	0	3.48	4	7.61	7	2.21	5	2.22	2
ENSG00000185808.14	chr21	-	PIGP	37063701	1.22	1	0	0	0	0	0	0	2.16	3	1.56	1
ENSG00000185808.14	chr21	-	PIGP	37065376	65.85	54	39.53	17	43.42	33	69.09	38	64.03	89	54.69	35
ENSG00000185808.14	chr21	-	PIGP	37065459	8.54	7	13.95	6	9.21	7	12.73	7	11.51	16	7.81	5
ENSG00000185808.14	chr21	-	PIGP	37065509	4.88	4	6.98	3	6.58	5	3.64	2	3.6	5	1.56	1
ENSG00000185808.14	chr21	-	PIGP	37071285	4.88	4	0	0	3.95	3	1.82	1	0.72	1	0	0
ENSG00000185917.14	chr21	-	SETD4	36034541	42.42	42	28.57	10	37.66	29	57.89	11	39.71	27	42.11	8
ENSG00000185917.14	chr21	-	SETD4	36034943	2.02	2	5.71	2	0	0	0	0	2.94	2	0	0
ENSG00000185917.14	chr21	-	SETD4	36035783	0	0	5.71	2	0	0	5.26	1	1.47	1	0	0
ENSG00000185917.14	chr21	-	SETD4	36042411	3.03	3	0	0	1.3	1	0	0	0	0	0	0
ENSG00000185917.14	chr21	-	SETD4	36043581	1.01	1	2.86	1	1.3	1	5.26	1	0	0	0	0
ENSG00000185917.14	chr21	-	SETD4	36043684	45.45	45	40	14	51.95	40	31.58	6	51.47	35	42.11	8
ENSG00000186866.17	chr21	-	POFUT2	45263019	2.22	2	2.17	1	1.45	1	1.43	1	1.85	3	2.74	2
ENSG00000186866.17	chr21	-	POFUT2	45263935	93.33	84	78.26	36	82.61	57	92.86	65	94.44	153	91.78	67
ENSG00000186866.17	chr21	-	POFUT2	45285698	1.11	1	2.17	1	2.9	2	1.43	1	1.85	3	0	0
ENSG00000197381.18	chr21	+	ADARB1	45147339	4.35	1	4.76	1	0	0	0	0	1.89	1	2.56	1
ENSG00000197381.18	chr21	+	ADARB1	45178047	8.7	2	0	0	0	0	0	0	0	0	2.56	1
ENSG00000197381.18	chr21	+	ADARB1	45222582	21.74	5	9.52	2	10	2	8.7	2	28.3	15	15.38	6
ENSG00000197381.18	chr21	+	ADARB1	45223286	0	0	9.52	2	5	1	13.04	3	1.89	1	0	0
ENSG00000197381.18	chr21	+	ADARB1	45224246	4.35	1	4.76	1	5	1	0	0	1.89	1	2.56	1
ENSG00000197381.18	chr21	+	ADARB1	45226560	34.78	8	61.9	13	70	14	69.57	16	64.15	34	66.67	26
ENSG00000198618.5	chr21	+	PPIAP22	18857974	0.72	1	2.86	2	1.35	2	0	0	0	0	4.26	2
ENSG00000198618.5	chr21	+	PPIAP22	18858168	1.44	2	4.29	3	0.68	1	0	0	1.92	1	0	0
ENSG00000198618.5	chr21	+	PPIAP22	18858243	1.44	2	2.86	2	2.03	3	3.03	1	1.92	1	2.13	1
ENSG00000198618.5	chr21	+	PPIAP22	18858290	1.44	2	2.86	2	2.03	3	0	0	0	0	2.13	1
ENSG00000198618.5	chr21	+	PPIAP22	18858493	89.93	125	85.71	60	83.78	124	87.88	29	94.23	49	78.72	37
ENSG00000198743.7	chr21	+	SLC5A3	34074277	12.33	9	0	0	4	2	16.49	16	8.7	18	6.86	7
ENSG00000198743.7	chr21	+	SLC5A3	34103454	1.37	1	0	0	2	1	1.03	1	1.45	3	2.94	3
ENSG00000198743.7	chr21	+	SLC5A3	34106216	0	0	5.26	1	8	4	0	0	1.45	3	5.88	6
ENSG00000198743.7	chr21	+	SLC5A3	34106260	78.08	57	78.95	15	82	41	79.38	77	85.51	177	77.45	79
ENSG00000198862.14	chr21	-	LTN1	28927885	0	0	0	0	5.08	3	2.86	1	3.37	3	2.17	1
ENSG00000198862.14	chr21	-	LTN1	28928145	88.89	64	90	27	76.27	45	85.71	30	86.52	77	78.26	36
ENSG00000198862.14	chr21	-	LTN1	28929800	2.78	2	0	0	6.78	4	2.86	1	0	0	6.52	3
ENSG00000198862.14	chr21	-	LTN1	28930150	4.17	3	0	0	0	0	0	0	2.25	2	4.35	2
ENSG00000205581.11	chr21	-	HMGN1	39342317	97.36	3395	95.07	1428	95.36	2549	97.72	600	97.31	1486	96.11	617
ENSG00000205670.12	chr21	+	SMIM11	34389151	82.98	39	94.12	16	90.91	40	84.62	11	68.18	15	45.45	5
ENSG00000205670.12	chr21	+	SMIM11	34402773	10.64	5	0	0	4.55	2	15.38	2	27.27	6	45.45	5
ENSG00000205726.15	chr21	+	ITSN1	33817650	2.28	6	3.5	5	1.64	4	3.64	2	5	8	7.06	6
ENSG00000205726.15	chr21	+	ITSN1	33817736	1.9	5	2.8	4	3.28	8	7.27	4	3.75	6	1.18	1
ENSG00000205726.15	chr21	+	ITSN1	33837369	2.66	7	3.5	5	3.28	8	1.82	1	0	0	2.35	2
ENSG00000205726.15	chr21	+	ITSN1	33837452	10.27	27	6.29	9	9.43	23	7.27	4	2.5	4	3.53	3
ENSG00000205726.15	chr21	+	ITSN1	33838456	0.76	2	4.9	7	3.28	8	0	0	1.25	2	2.35	2
ENSG00000205726.15	chr21	+	ITSN1	33838498	74.14	195	74.13	106	73.36	179	58.18	32	60	96	57.65	49
ENSG00000205726.15	chr21	+	ITSN1	33897896	0	0	0	0	0	0	5.45	3	5	8	0	0
ENSG00000205726.15	chr21	+	ITSN1	33899861	0.76	2	0.7	1	1.23	3	5.45	3	18.75	30	17.65	15
ENSG00000205758.12	chr21	-	CRYZL1	33589341	26.39	19	11.11	3	12.5	7	37.29	22	34.4	43	21.21	14
ENSG00000205758.12	chr21	-	CRYZL1	33589419	1.39	1	3.7	1	3.57	2	0	0	3.2	4	4.55	3
ENSG00000205758.12	chr21	-	CRYZL1	33589466	29.17	21	18.52	5	35.71	20	28.81	17	20.8	26	39.39	26
ENSG00000205758.12	chr21	-	CRYZL1	33589530	5.56	4	0	0	5.36	3	3.39	2	3.2	4	1.52	1
ENSG00000205758.12	chr21	-	CRYZL1	33589588	8.33	6	7.41	2	3.57	2	3.39	2	10.4	13	15.15	10
ENSG00000205758.12	chr21	-	CRYZL1	33589661	1.39	1	3.7	1	0	0	1.69	1	2.4	3	4.55	3
ENSG00000205758.12	chr21	-	CRYZL1	33589708	0	0	3.7	1	8.93	5	3.39	2	3.2	4	4.55	3
ENSG00000205758.12	chr21	-	CRYZL1	33594497	1.39	1	3.7	1	10.71	6	5.08	3	5.6	7	0	0
ENSG00000205758.12	chr21	-	CRYZL1	33595266	6.94	5	11.11	3	3.57	2	0	0	0	0	1.52	1
ENSG00000205758.12	chr21	-	CRYZL1	33595952	2.78	2	7.41	2	5.36	3	3.39	2	5.6	7	1.52	1
ENSG00000205758.12	chr21	-	CRYZL1	33616284	8.33	6	3.7	1	5.36	3	3.39	2	4.8	6	1.52	1
ENSG00000205927.5	chr21	+	OLIG2	33028557	13.64	3	12.5	1	9.52	2	0	0	0	0	0	0
ENSG00000205927.5	chr21	+	OLIG2	33028768	0	0	25	2	4.76	1	0	0	5.56	1	0	0
ENSG00000205927.5	chr21	+	OLIG2	33029196	77.27	17	50	4	71.43	15	85.71	6	83.33	15	60	6
ENSG00000223768.4	chr21	+	LINC00205	45289242	0	0	0	0	4.35	1	0	0	2.22	2	0	0
ENSG00000223768.4	chr21	+	LINC00205	45296598	6.67	2	10	1	8.7	2	2.78	1	4.44	4	1.89	1
ENSG00000223768.4	chr21	+	LINC00205	45296684	0	0	20	2	0	0	2.78	1	2.22	2	1.89	1
ENSG00000223768.4	chr21	+	LINC00205	45296836	0	0	0	0	8.7	2	0	0	1.11	1	0	0
ENSG00000223768.4	chr21	+	LINC00205	45296877	23.33	7	10	1	26.09	6	19.44	7	16.67	15	7.55	4
ENSG00000223768.4	chr21	+	LINC00205	45297059	13.33	4	20	2	0	0	5.56	2	13.33	12	11.32	6
ENSG00000223768.4	chr21	+	LINC00205	45297301	3.33	1	0	0	0	0	0	0	0	0	3.77	2
ENSG00000223768.4	chr21	+	LINC00205	45297354	50	15	40	4	43.48	10	66.67	24	55.56	50	60.38	32
ENSG00000241837.7	chr21	-	ATP5PO	33903456	96.78	2193	92.82	983	93.25	1700	96.97	671	96.93	1640	91.75	723
ENSG00000243927.6	chr21	+	MRPS6	34142984	21.53	138	19.49	53	24.4	121	14.55	32	11.85	59	21.12	53
ENSG00000243927.6	chr21	+	MRPS6	34143030	77.85	499	79.78	217	72.58	360	84.09	185	87.15	434	76.49	192
ENSG00000273590.6	chr21	+	ENSG00000273590	7758627	98.31	58	96.88	31	94.34	50	86.67	13	89.47	17	87.5	14
ENSG00000273590.6	chr21	+	ENSG00000273590	7760557	1.69	1	3.12	1	0	0	6.67	1	0	0	6.25	1
ENSG00000274276.6	chr21	-	ENSG00000274276	6444869	93.73	882	89.92	330	91.98	700	94.37	67	95.04	115	84.21	64
ENSG00000275215.1	chr21	+	RNA5-8SN3	8395763	97.53	276	99.26	405	99.58	718	98.81	83	99.13	114	99.11	555
ENSG00000275464.6	chr21	-	ENSG00000275464	5130871	35.12	72	28.05	23	26	39	41.18	7	31.82	21	45.45	15
ENSG00000275464.6	chr21	-	ENSG00000275464	5130932	50.24	103	56.1	46	58	87	58.82	10	57.58	38	45.45	15
ENSG00000275464.6	chr21	-	ENSG00000275464	5130998	0	0	4.88	4	2	3	0	0	1.52	1	3.03	1
ENSG00000275895.8	chr21	-	ENSG00000275895	6484623	99.46	929	98.07	406	97.97	674	100	133	99.62	261	98.25	112
ENSG00000275993.4	chr21	+	ENSG00000275993	6123705	0	0	40	2	16.67	4	9.09	1	0	0	8.33	1
ENSG00000275993.4	chr21	+	ENSG00000275993	6123746	100	17	60	3	70.83	17	90.91	10	100	20	83.33	10
ENSG00000276529.1	chr21	+	ENSG00000276529	44979253	95.45	21	100	35	95.89	70	100	7	100	12	100	24
ENSG00000277739.1	chr21	+	5_8S_rRNA	8256937	97.78	264	99.34	449	99.74	780	96.05	73	99.28	137	99.41	503
ENSG00000278189.1	chr21	+	RNA5-8SN1	8439979	99.3	282	99.54	437	99.87	764	100	67	100	111	99.23	513
ENSG00000278233.1	chr21	+	RNA5-8SN2	8212728	98.33	295	99.53	424	99.24	783	100	81	96.72	118	99.62	520
ENSG00000280071.5	chr21	-	ENSG00000280071	5116343	87.96	475	80.48	202	85.4	433	93.2	96	95.34	184	85.06	74
ENSG00000280071.5	chr21	-	ENSG00000280071	5120641	7.22	39	6.37	16	5.72	29	0	0	2.07	4	1.15	1
ENSG00000280433.2	chr21	-	ENSG00000280433	5155499	34.21	13	15.79	3	30.43	7	64.29	9	54.55	18	63.16	12
ENSG00000280433.2	chr21	-	ENSG00000280433	5155541	0	0	0	0	4.35	1	7.14	1	3.03	1	0	0
ENSG00000280433.2	chr21	-	ENSG00000280433	5155774	31.58	12	36.84	7	17.39	4	7.14	1	27.27	9	15.79	3
ENSG00000280433.2	chr21	-	ENSG00000280433	5156106	2.63	1	5.26	1	4.35	1	0	0	6.06	2	5.26	1
ENSG00000280433.2	chr21	-	ENSG00000280433	5156156	18.42	7	26.32	5	30.43	7	7.14	1	9.09	3	5.26	1
ENSG00000280433.2	chr21	-	ENSG00000280433	5157002	7.89	3	5.26	1	4.35	1	7.14	1	0	0	0	0
ENSG00000280800.1	chr21	-	ENSG00000280800	8210440	11.54	3	0	0	22.22	4	20	1	10	1	14.29	1
ENSG00000280800.1	chr21	-	ENSG00000280800	8210578	3.85	1	0	0	5.56	1	0	0	0	0	14.29	1
ENSG00000280800.1	chr21	-	ENSG00000280800	8210723	3.85	1	12.5	1	5.56	1	0	0	0	0	0	0
ENSG00000280800.1	chr21	-	ENSG00000280800	8210832	15.38	4	12.5	1	5.56	1	0	0	0	0	14.29	1
ENSG00000280800.1	chr21	-	ENSG00000280800	8210928	3.85	1	0	0	5.56	1	20	1	0	0	0	0
ENSG00000280800.1	chr21	-	ENSG00000280800	8210972	3.85	1	0	0	11.11	2	0	0	10	1	0	0
ENSG00000280800.1	chr21	-	ENSG00000280800	8211105	7.69	2	12.5	1	0	0	0	0	0	0	0	0
ENSG00000281181.1	chr21	-	ENSG00000281181	8392674	10.53	2	0	0	9.09	1	0	0	0	0	0	0
ENSG00000281181.1	chr21	-	ENSG00000281181	8437580	0	0	0	0	0	0	0	0	8.33	1	22.22	2
ENSG00000281181.1	chr21	-	ENSG00000281181	8437645	5.26	1	0	0	0	0	0	0	33.33	4	0	0
ENSG00000281181.1	chr21	-	ENSG00000281181	8437688	10.53	2	0	0	0	0	0	0	8.33	1	0	0
ENSG00000281181.1	chr21	-	ENSG00000281181	8437778	5.26	1	16.67	1	18.18	2	16.67	1	8.33	1	0	0
ENSG00000281181.1	chr21	-	ENSG00000281181	8437841	5.26	1	0	0	9.09	1	0	0	0	0	11.11	1
ENSG00000281181.1	chr21	-	ENSG00000281181	8437907	15.79	3	0	0	0	0	16.67	1	0	0	22.22	2
ENSG00000281181.1	chr21	-	ENSG00000281181	8438021	10.53	2	0	0	9.09	1	16.67	1	0	0	0	0
ENSG00000281181.1	chr21	-	ENSG00000281181	8438067	5.26	1	16.67	1	27.27	3	0	0	8.33	1	0	0
ENSG00000281181.1	chr21	-	ENSG00000281181	8438130	0	0	16.67	1	0	0	0	0	0	0	22.22	2
